-- phpMyAdmin SQL Dump
-- version 4.8.5
-- https://www.phpmyadmin.net/
--
-- Servidor: 127.0.0.1:3306
-- Tiempo de generación: 06-08-2019 a las 05:30:09
-- Versión del servidor: 5.7.26
-- Versión de PHP: 5.6.40

SET SQL_MODE = "NO_AUTO_VALUE_ON_ZERO";
SET AUTOCOMMIT = 0;
START TRANSACTION;
SET time_zone = "+00:00";


/*!40101 SET @OLD_CHARACTER_SET_CLIENT=@@CHARACTER_SET_CLIENT */;
/*!40101 SET @OLD_CHARACTER_SET_RESULTS=@@CHARACTER_SET_RESULTS */;
/*!40101 SET @OLD_COLLATION_CONNECTION=@@COLLATION_CONNECTION */;
/*!40101 SET NAMES utf8mb4 */;

--
-- Base de datos: `trajesya`
--

DELIMITER $$
--
-- Funciones
--
DROP FUNCTION IF EXISTS `FU_REGISTRO_HISTORIAL`$$
CREATE DEFINER=`root`@`localhost` FUNCTION `FU_REGISTRO_HISTORIAL` (`tipo` INT(11), `Usuario` INT(11), `Mensaje` TEXT, `Fecha` DATETIME) RETURNS INT(11) NO SQL
BEGIN
DECLARE Operacion VARCHAR(100);

IF(tipo=1)THEN
SET Operacion="Registro:";
ELSEIF(tipo=2)THEN
SET Operacion="Actualización:";
ELSEIF(tipo=3)THEN
SET Operacion="Habilitación:";
ELSEIF(tipo=4)THEN
SET Operacion="Inhabilitación:";
ELSEIF(tipo=5)THEN
SET Operacion="Eliminar:";
END IF;

SET Mensaje=(CONCAT(Operacion,' ',Mensaje));

INSERT INTO `historial`(`idHistorial`, `usuario_idUsuario`, `Mensaje`, `fechaRegistro`) VALUES (NULL,Usuario,Mensaje,Fecha);


RETURN 1;

END$$

DELIMITER ;

-- --------------------------------------------------------

--
-- Estructura de tabla para la tabla `categoria`
--

DROP TABLE IF EXISTS `categoria`;
CREATE TABLE IF NOT EXISTS `categoria` (
  `idCategoria` int(11) NOT NULL AUTO_INCREMENT,
  `NombreCategoria` varchar(200) NOT NULL,
  `Descripcion` text NOT NULL,
  `imagenPortada` varchar(200) DEFAULT NULL,
  `fechaRegistro` datetime NOT NULL,
  `fechaUpdate` datetime DEFAULT NULL,
  `Grupo_idGrupo` int(11) NOT NULL,
  `Estado_idEstado` int(11) NOT NULL,
  PRIMARY KEY (`idCategoria`),
  KEY `FK_GrupoCategoria` (`Grupo_idGrupo`),
  KEY `FK_EstadoCategoria` (`Estado_idEstado`)
) ENGINE=InnoDB AUTO_INCREMENT=7 DEFAULT CHARSET=latin1;

--
-- Volcado de datos para la tabla `categoria`
--

INSERT INTO `categoria` (`idCategoria`, `NombreCategoria`, `Descripcion`, `imagenPortada`, `fechaRegistro`, `fechaUpdate`, `Grupo_idGrupo`, `Estado_idEstado`) VALUES
(1, 'Trajes De Luces', 'Trajes de Luces', 'Categoria/Trajes_de_Luces.jpg', '2019-06-04 00:00:00', '2019-06-07 17:59:42', 1, 1),
(2, 'Trajes Tipicos Y Costumbristas', 'Trajes Tipicos y Costumbristas', 'Categoria/Trajes_Tipicos_y_Costumbristas.jpg', '2019-06-04 00:00:00', '2019-06-07 17:59:52', 1, 1),
(3, 'Trajes de Lujo', 'Trajes de Lujo', NULL, '2019-06-04 00:00:00', NULL, 2, 1),
(4, 'Trajes Eroticos', 'Trajes Eroticos', 'Categoria/Trajes_Eroticos.jpg', '2019-06-04 00:00:00', '2019-06-07 18:00:46', 2, 1),
(5, 'Muñecos Y Disfraces', 'Muñecos Y Disfraces', 'Categoria/Munecos_Y_Disfraces.jpg', '2019-06-04 00:00:00', '2019-06-07 18:11:53', 2, 1);

-- --------------------------------------------------------

--
-- Estructura de tabla para la tabla `delivery`
--

DROP TABLE IF EXISTS `delivery`;
CREATE TABLE IF NOT EXISTS `delivery` (
  `idDelivery` int(11) NOT NULL AUTO_INCREMENT,
  `Producto_idProducto` int(11) NOT NULL,
  `Departamento_idDepartamento` int(11) NOT NULL,
  `Provincia_idProvincia` int(11) NOT NULL,
  `Distrito_idDitrito` int(11) NOT NULL,
  `precioDelivery` decimal(20,2) NOT NULL,
  `fechaRegistro` datetime NOT NULL,
  `fechaUpdate` datetime DEFAULT NULL,
  PRIMARY KEY (`idDelivery`),
  KEY `FK_DeliveryProducto` (`Producto_idProducto`),
  KEY `FK_DeliveryDepa` (`Departamento_idDepartamento`),
  KEY `FK_DeliveryProv` (`Provincia_idProvincia`),
  KEY `FK_DeliveryDist` (`Distrito_idDitrito`)
) ENGINE=InnoDB AUTO_INCREMENT=4 DEFAULT CHARSET=latin1;

--
-- Volcado de datos para la tabla `delivery`
--

INSERT INTO `delivery` (`idDelivery`, `Producto_idProducto`, `Departamento_idDepartamento`, `Provincia_idProvincia`, `Distrito_idDitrito`, `precioDelivery`, `fechaRegistro`, `fechaUpdate`) VALUES
(2, 1, 15, 127, 1267, '10.00', '2019-08-05 16:41:59', NULL);

-- --------------------------------------------------------

--
-- Estructura de tabla para la tabla `departamento`
--

DROP TABLE IF EXISTS `departamento`;
CREATE TABLE IF NOT EXISTS `departamento` (
  `idDepartamento` int(11) NOT NULL AUTO_INCREMENT,
  `departamento` varchar(150) DEFAULT NULL,
  `fechaRegistro` datetime DEFAULT NULL,
  `fechaUpdate` datetime DEFAULT NULL,
  PRIMARY KEY (`idDepartamento`)
) ENGINE=InnoDB AUTO_INCREMENT=26 DEFAULT CHARSET=latin1;

--
-- Volcado de datos para la tabla `departamento`
--

INSERT INTO `departamento` (`idDepartamento`, `departamento`, `fechaRegistro`, `fechaUpdate`) VALUES
(1, 'AMAZONAS', '2018-01-01 00:00:00', NULL),
(2, 'ANCASH', '2018-01-01 00:00:00', NULL),
(3, 'APURIMAC', '2018-01-01 00:00:00', NULL),
(4, 'AREQUIPA', '2018-01-01 00:00:00', NULL),
(5, 'AYACUCHO', '2018-01-01 00:00:00', NULL),
(6, 'CAJAMARCA', '2018-01-01 00:00:00', NULL),
(7, 'CALLAO', '2018-01-01 00:00:00', NULL),
(8, 'CUSCO', '2018-01-01 00:00:00', NULL),
(9, 'HUANCAVELICA', '2018-01-01 00:00:00', NULL),
(10, 'HUANUCO', '2018-01-01 00:00:00', NULL),
(11, 'ICA', '2018-01-01 00:00:00', NULL),
(12, 'JUNIN', '2018-01-01 00:00:00', NULL),
(13, 'LA LIBERTAD', '2018-01-01 00:00:00', NULL),
(14, 'LAMBAYEQUE', '2018-01-01 00:00:00', NULL),
(15, 'LIMA', '2018-01-01 00:00:00', NULL),
(16, 'LORETO', '2018-01-01 00:00:00', NULL),
(17, 'MADRE DE DIOS', '2018-01-01 00:00:00', NULL),
(18, 'MOQUEGUA', '2018-01-01 00:00:00', NULL),
(19, 'PASCO', '2018-01-01 00:00:00', NULL),
(20, 'PIURA', '2018-01-01 00:00:00', NULL),
(21, 'PUNO', '2018-01-01 00:00:00', NULL),
(22, 'SAN MARTIN', '2018-01-01 00:00:00', NULL),
(23, 'TACNA', '2018-01-01 00:00:00', NULL),
(24, 'TUMBES', '2018-01-01 00:00:00', NULL),
(25, 'UCAYALI', '2018-01-01 00:00:00', NULL);

-- --------------------------------------------------------

--
-- Estructura de tabla para la tabla `distrito`
--

DROP TABLE IF EXISTS `distrito`;
CREATE TABLE IF NOT EXISTS `distrito` (
  `idDistrito` int(11) NOT NULL AUTO_INCREMENT,
  `distrito` varchar(150) DEFAULT NULL,
  `fechaRegistro` datetime DEFAULT NULL,
  `fechaUpdate` datetime DEFAULT NULL,
  `provincia_idprovincia` int(11) NOT NULL,
  PRIMARY KEY (`idDistrito`),
  KEY `fk_distrito_provincia1_idx` (`provincia_idprovincia`)
) ENGINE=InnoDB AUTO_INCREMENT=1832 DEFAULT CHARSET=latin1;

--
-- Volcado de datos para la tabla `distrito`
--

INSERT INTO `distrito` (`idDistrito`, `distrito`, `fechaRegistro`, `fechaUpdate`, `provincia_idprovincia`) VALUES
(1, 'CHACHAPOYAS', '2018-01-01 00:00:00', NULL, 1),
(2, 'ASUNCION', '2018-01-01 00:00:00', NULL, 1),
(3, 'BALSAS', '2018-01-01 00:00:00', NULL, 1),
(4, 'CHETO', '2018-01-01 00:00:00', NULL, 1),
(5, 'CHILIQUIN', '2018-01-01 00:00:00', NULL, 1),
(6, 'CHUQUIBAMBA', '2018-01-01 00:00:00', NULL, 1),
(7, 'GRANADA', '2018-01-01 00:00:00', NULL, 1),
(8, 'HUANCAS', '2018-01-01 00:00:00', NULL, 1),
(9, 'LA JALCA', '2018-01-01 00:00:00', NULL, 1),
(10, 'LEIMEBAMBA', '2018-01-01 00:00:00', NULL, 1),
(11, 'LEVANTO', '2018-01-01 00:00:00', NULL, 1),
(12, 'MAGDALENA', '2018-01-01 00:00:00', NULL, 1),
(13, 'MARISCAL CASTILLA', '2018-01-01 00:00:00', NULL, 1),
(14, 'MOLINOPAMPA', '2018-01-01 00:00:00', NULL, 1),
(15, 'MONTEVIDEO', '2018-01-01 00:00:00', NULL, 1),
(16, 'OLLEROS', '2018-01-01 00:00:00', NULL, 1),
(17, 'QUINJALCA', '2018-01-01 00:00:00', NULL, 1),
(18, 'SAN FRANCISCO DE DAGUAS', '2018-01-01 00:00:00', NULL, 1),
(19, 'SAN ISIDRO DE MAINO', '2018-01-01 00:00:00', NULL, 1),
(20, 'SOLOCO', '2018-01-01 00:00:00', NULL, 1),
(21, 'SONCHE', '2018-01-01 00:00:00', NULL, 1),
(22, 'LA PECA', '2018-01-01 00:00:00', NULL, 2),
(23, 'ARAMANGO', '2018-01-01 00:00:00', NULL, 2),
(24, 'COPALLIN', '2018-01-01 00:00:00', NULL, 2),
(25, 'EL PARCO', '2018-01-01 00:00:00', NULL, 2),
(26, 'IMAZA', '2018-01-01 00:00:00', NULL, 2),
(27, 'JUMBILLA', '2018-01-01 00:00:00', NULL, 3),
(28, 'CHISQUILLA', '2018-01-01 00:00:00', NULL, 3),
(29, 'CHURUJA', '2018-01-01 00:00:00', NULL, 3),
(30, 'COROSHA', '2018-01-01 00:00:00', NULL, 3),
(31, 'CUISPES', '2018-01-01 00:00:00', NULL, 3),
(32, 'FLORIDA', '2018-01-01 00:00:00', NULL, 3),
(33, 'JAZAN', '2018-01-01 00:00:00', NULL, 3),
(34, 'RECTA', '2018-01-01 00:00:00', NULL, 3),
(35, 'SAN CARLOS', '2018-01-01 00:00:00', NULL, 3),
(36, 'SHIPASBAMBA', '2018-01-01 00:00:00', NULL, 3),
(37, 'VALERA', '2018-01-01 00:00:00', NULL, 3),
(38, 'YAMBRASBAMBA', '2018-01-01 00:00:00', NULL, 3),
(39, 'NIEVA', '2018-01-01 00:00:00', NULL, 4),
(40, 'EL CENEPA', '2018-01-01 00:00:00', NULL, 4),
(41, 'RIO SANTIAGO', '2018-01-01 00:00:00', NULL, 4),
(42, 'LAMUD', '2018-01-01 00:00:00', NULL, 5),
(43, 'CAMPORREDONDO', '2018-01-01 00:00:00', NULL, 5),
(44, 'COCABAMBA', '2018-01-01 00:00:00', NULL, 5),
(45, 'COLCAMAR', '2018-01-01 00:00:00', NULL, 5),
(46, 'CONILA', '2018-01-01 00:00:00', NULL, 5),
(47, 'INGUILPATA', '2018-01-01 00:00:00', NULL, 5),
(48, 'LONGUITA', '2018-01-01 00:00:00', NULL, 5),
(49, 'LONYA CHICO', '2018-01-01 00:00:00', NULL, 5),
(50, 'LUYA', '2018-01-01 00:00:00', NULL, 5),
(51, 'LUYA VIEJO', '2018-01-01 00:00:00', NULL, 5),
(52, 'MARIA', '2018-01-01 00:00:00', NULL, 5),
(53, 'OCALLI', '2018-01-01 00:00:00', NULL, 5),
(54, 'OCUMAL', '2018-01-01 00:00:00', NULL, 5),
(55, 'PISUQUIA', '2018-01-01 00:00:00', NULL, 5),
(56, 'PROVIDENCIA', '2018-01-01 00:00:00', NULL, 5),
(57, 'SAN CRISTOBAL', '2018-01-01 00:00:00', NULL, 5),
(58, 'SAN FRANCISCO DEL YESO', '2018-01-01 00:00:00', NULL, 5),
(59, 'SAN JERONIMO', '2018-01-01 00:00:00', NULL, 5),
(60, 'SAN JUAN DE LOPECANCHA', '2018-01-01 00:00:00', NULL, 5),
(61, 'SANTA CATALINA', '2018-01-01 00:00:00', NULL, 5),
(62, 'SANTO TOMAS', '2018-01-01 00:00:00', NULL, 5),
(63, 'TINGO', '2018-01-01 00:00:00', NULL, 5),
(64, 'TRITA', '2018-01-01 00:00:00', NULL, 5),
(65, 'SAN NICOLAS', '2018-01-01 00:00:00', NULL, 6),
(66, 'CHIRIMOTO', '2018-01-01 00:00:00', NULL, 6),
(67, 'COCHAMAL', '2018-01-01 00:00:00', NULL, 6),
(68, 'HUAMBO', '2018-01-01 00:00:00', NULL, 6),
(69, 'LIMABAMBA', '2018-01-01 00:00:00', NULL, 6),
(70, 'LONGAR', '2018-01-01 00:00:00', NULL, 6),
(71, 'MARISCAL BENAVIDES', '2018-01-01 00:00:00', NULL, 6),
(72, 'MILPUC', '2018-01-01 00:00:00', NULL, 6),
(73, 'OMIA', '2018-01-01 00:00:00', NULL, 6),
(74, 'SANTA ROSA', '2018-01-01 00:00:00', NULL, 6),
(75, 'TOTORA', '2018-01-01 00:00:00', NULL, 6),
(76, 'VISTA ALEGRE', '2018-01-01 00:00:00', NULL, 6),
(77, 'BAGUA GRANDE', '2018-01-01 00:00:00', NULL, 7),
(78, 'CAJARURO', '2018-01-01 00:00:00', NULL, 7),
(79, 'CUMBA', '2018-01-01 00:00:00', NULL, 7),
(80, 'EL MILAGRO', '2018-01-01 00:00:00', NULL, 7),
(81, 'JAMALCA', '2018-01-01 00:00:00', NULL, 7),
(82, 'LONYA GRANDE', '2018-01-01 00:00:00', NULL, 7),
(83, 'YAMON', '2018-01-01 00:00:00', NULL, 7),
(84, 'HUARAZ', '2018-01-01 00:00:00', NULL, 8),
(85, 'COCHABAMBA', '2018-01-01 00:00:00', NULL, 8),
(86, 'COLCABAMBA', '2018-01-01 00:00:00', NULL, 8),
(87, 'HUANCHAY', '2018-01-01 00:00:00', NULL, 8),
(88, 'INDEPENDENCIA', '2018-01-01 00:00:00', NULL, 8),
(89, 'JANGAS', '2018-01-01 00:00:00', NULL, 8),
(90, 'LA LIBERTAD', '2018-01-01 00:00:00', NULL, 8),
(91, 'OLLEROS', '2018-01-01 00:00:00', NULL, 8),
(92, 'PAMPAS', '2018-01-01 00:00:00', NULL, 8),
(93, 'PARIACOTO', '2018-01-01 00:00:00', NULL, 8),
(94, 'PIRA', '2018-01-01 00:00:00', NULL, 8),
(95, 'TARICA', '2018-01-01 00:00:00', NULL, 8),
(96, 'AIJA', '2018-01-01 00:00:00', NULL, 9),
(97, 'CORIS', '2018-01-01 00:00:00', NULL, 9),
(98, 'HUACLLAN', '2018-01-01 00:00:00', NULL, 9),
(99, 'LA MERCED', '2018-01-01 00:00:00', NULL, 9),
(100, 'SUCCHA', '2018-01-01 00:00:00', NULL, 9),
(101, 'LLAMELLIN', '2018-01-01 00:00:00', NULL, 10),
(102, 'ACZO', '2018-01-01 00:00:00', NULL, 10),
(103, 'CHACCHO', '2018-01-01 00:00:00', NULL, 10),
(104, 'CHINGAS', '2018-01-01 00:00:00', NULL, 10),
(105, 'MIRGAS', '2018-01-01 00:00:00', NULL, 10),
(106, 'SAN JUAN DE RONTOY', '2018-01-01 00:00:00', NULL, 10),
(107, 'CHACAS', '2018-01-01 00:00:00', NULL, 11),
(108, 'ACOCHACA', '2018-01-01 00:00:00', NULL, 11),
(109, 'CHIQUIAN', '2018-01-01 00:00:00', NULL, 12),
(110, 'ABELARDO PARDO LEZAMETA', '2018-01-01 00:00:00', NULL, 12),
(111, 'ANTONIO RAYMONDI', '2018-01-01 00:00:00', NULL, 12),
(112, 'AQUIA', '2018-01-01 00:00:00', NULL, 12),
(113, 'CAJACAY', '2018-01-01 00:00:00', NULL, 12),
(114, 'CANIS', '2018-01-01 00:00:00', NULL, 12),
(115, 'COLQUIOC', '2018-01-01 00:00:00', NULL, 12),
(116, 'HUALLANCA', '2018-01-01 00:00:00', NULL, 12),
(117, 'HUASTA', '2018-01-01 00:00:00', NULL, 12),
(118, 'HUAYLLACAYAN', '2018-01-01 00:00:00', NULL, 12),
(119, 'LA PRIMAVERA', '2018-01-01 00:00:00', NULL, 12),
(120, 'MANGAS', '2018-01-01 00:00:00', NULL, 12),
(121, 'PACLLON', '2018-01-01 00:00:00', NULL, 12),
(122, 'SAN MIGUEL DE CORPANQUI', '2018-01-01 00:00:00', NULL, 12),
(123, 'TICLLOS', '2018-01-01 00:00:00', NULL, 12),
(124, 'CARHUAZ', '2018-01-01 00:00:00', NULL, 13),
(125, 'ACOPAMPA', '2018-01-01 00:00:00', NULL, 13),
(126, 'AMASHCA', '2018-01-01 00:00:00', NULL, 13),
(127, 'ANTA', '2018-01-01 00:00:00', NULL, 13),
(128, 'ATAQUERO', '2018-01-01 00:00:00', NULL, 13),
(129, 'MARCARA', '2018-01-01 00:00:00', NULL, 13),
(130, 'PARIAHUANCA', '2018-01-01 00:00:00', NULL, 13),
(131, 'SAN MIGUEL DE ACO', '2018-01-01 00:00:00', NULL, 13),
(132, 'SHILLA', '2018-01-01 00:00:00', NULL, 13),
(133, 'TINCO', '2018-01-01 00:00:00', NULL, 13),
(134, 'YUNGAR', '2018-01-01 00:00:00', NULL, 13),
(135, 'SAN LUIS', '2018-01-01 00:00:00', NULL, 14),
(136, 'SAN NICOLAS', '2018-01-01 00:00:00', NULL, 14),
(137, 'YAUYA', '2018-01-01 00:00:00', NULL, 14),
(138, 'CASMA', '2018-01-01 00:00:00', NULL, 15),
(139, 'BUENA VISTA ALTA', '2018-01-01 00:00:00', NULL, 15),
(140, 'COMANDANTE NOEL', '2018-01-01 00:00:00', NULL, 15),
(141, 'YAUTAN', '2018-01-01 00:00:00', NULL, 15),
(142, 'CORONGO', '2018-01-01 00:00:00', NULL, 16),
(143, 'ACO', '2018-01-01 00:00:00', NULL, 16),
(144, 'BAMBAS', '2018-01-01 00:00:00', NULL, 16),
(145, 'CUSCA', '2018-01-01 00:00:00', NULL, 16),
(146, 'LA PAMPA', '2018-01-01 00:00:00', NULL, 16),
(147, 'YANAC', '2018-01-01 00:00:00', NULL, 16),
(148, 'YUPAN', '2018-01-01 00:00:00', NULL, 16),
(149, 'HUARI', '2018-01-01 00:00:00', NULL, 17),
(150, 'ANRA', '2018-01-01 00:00:00', NULL, 17),
(151, 'CAJAY', '2018-01-01 00:00:00', NULL, 17),
(152, 'CHAVIN DE HUANTAR', '2018-01-01 00:00:00', NULL, 17),
(153, 'HUACACHI', '2018-01-01 00:00:00', NULL, 17),
(154, 'HUACCHIS', '2018-01-01 00:00:00', NULL, 17),
(155, 'HUACHIS', '2018-01-01 00:00:00', NULL, 17),
(156, 'HUANTAR', '2018-01-01 00:00:00', NULL, 17),
(157, 'MASIN', '2018-01-01 00:00:00', NULL, 17),
(158, 'PAUCAS', '2018-01-01 00:00:00', NULL, 17),
(159, 'PONTO', '2018-01-01 00:00:00', NULL, 17),
(160, 'RAHUAPAMPA', '2018-01-01 00:00:00', NULL, 17),
(161, 'RAPAYAN', '2018-01-01 00:00:00', NULL, 17),
(162, 'SAN MARCOS', '2018-01-01 00:00:00', NULL, 17),
(163, 'SAN PEDRO DE CHANA', '2018-01-01 00:00:00', NULL, 17),
(164, 'UCO', '2018-01-01 00:00:00', NULL, 17),
(165, 'HUARMEY', '2018-01-01 00:00:00', NULL, 18),
(166, 'COCHAPETI', '2018-01-01 00:00:00', NULL, 18),
(167, 'CULEBRAS', '2018-01-01 00:00:00', NULL, 18),
(168, 'HUAYAN', '2018-01-01 00:00:00', NULL, 18),
(169, 'MALVAS', '2018-01-01 00:00:00', NULL, 18),
(170, 'CARAZ', '2018-01-01 00:00:00', NULL, 26),
(171, 'HUALLANCA', '2018-01-01 00:00:00', NULL, 26),
(172, 'HUATA', '2018-01-01 00:00:00', NULL, 26),
(173, 'HUAYLAS', '2018-01-01 00:00:00', NULL, 26),
(174, 'MATO', '2018-01-01 00:00:00', NULL, 26),
(175, 'PAMPAROMAS', '2018-01-01 00:00:00', NULL, 26),
(176, 'PUEBLO LIBRE', '2018-01-01 00:00:00', NULL, 26),
(177, 'SANTA CRUZ', '2018-01-01 00:00:00', NULL, 26),
(178, 'SANTO TORIBIO', '2018-01-01 00:00:00', NULL, 26),
(179, 'YURACMARCA', '2018-01-01 00:00:00', NULL, 26),
(180, 'PISCOBAMBA', '2018-01-01 00:00:00', NULL, 27),
(181, 'CASCA', '2018-01-01 00:00:00', NULL, 27),
(182, 'ELEAZAR GUZMAN BARRON', '2018-01-01 00:00:00', NULL, 27),
(183, 'FIDEL OLIVAS ESCUDERO', '2018-01-01 00:00:00', NULL, 27),
(184, 'LLAMA', '2018-01-01 00:00:00', NULL, 27),
(185, 'LLUMPA', '2018-01-01 00:00:00', NULL, 27),
(186, 'LUCMA', '2018-01-01 00:00:00', NULL, 27),
(187, 'MUSGA', '2018-01-01 00:00:00', NULL, 27),
(188, 'OCROS', '2018-01-01 00:00:00', NULL, 21),
(189, 'ACAS', '2018-01-01 00:00:00', NULL, 21),
(190, 'CAJAMARQUILLA', '2018-01-01 00:00:00', NULL, 21),
(191, 'CARHUAPAMPA', '2018-01-01 00:00:00', NULL, 21),
(192, 'COCHAS', '2018-01-01 00:00:00', NULL, 21),
(193, 'CONGAS', '2018-01-01 00:00:00', NULL, 21),
(194, 'LLIPA', '2018-01-01 00:00:00', NULL, 21),
(195, 'SAN CRISTOBAL DE RAJAN', '2018-01-01 00:00:00', NULL, 21),
(196, 'SAN PEDRO', '2018-01-01 00:00:00', NULL, 21),
(197, 'SANTIAGO DE CHILCAS', '2018-01-01 00:00:00', NULL, 21),
(198, 'CABANA', '2018-01-01 00:00:00', NULL, 22),
(199, 'BOLOGNESI', '2018-01-01 00:00:00', NULL, 22),
(200, 'CONCHUCOS', '2018-01-01 00:00:00', NULL, 22),
(201, 'HUACASCHUQUE', '2018-01-01 00:00:00', NULL, 22),
(202, 'HUANDOVAL', '2018-01-01 00:00:00', NULL, 22),
(203, 'LACABAMBA', '2018-01-01 00:00:00', NULL, 22),
(204, 'LLAPO', '2018-01-01 00:00:00', NULL, 22),
(205, 'PALLASCA', '2018-01-01 00:00:00', NULL, 22),
(206, 'PAMPAS', '2018-01-01 00:00:00', NULL, 22),
(207, 'SANTA ROSA', '2018-01-01 00:00:00', NULL, 22),
(208, 'TAUCA', '2018-01-01 00:00:00', NULL, 22),
(209, 'POMABAMBA', '2018-01-01 00:00:00', NULL, 23),
(210, 'HUAYLLAN', '2018-01-01 00:00:00', NULL, 23),
(211, 'PAROBAMBA', '2018-01-01 00:00:00', NULL, 23),
(212, 'QUINUABAMBA', '2018-01-01 00:00:00', NULL, 23),
(213, 'RECUAY', '2018-01-01 00:00:00', NULL, 24),
(214, 'CATAC', '2018-01-01 00:00:00', NULL, 24),
(215, 'COTAPARACO', '2018-01-01 00:00:00', NULL, 24),
(216, 'HUAYLLAPAMPA', '2018-01-01 00:00:00', NULL, 24),
(217, 'LLACLLIN', '2018-01-01 00:00:00', NULL, 24),
(218, 'MARCA', '2018-01-01 00:00:00', NULL, 24),
(219, 'PAMPAS CHICO', '2018-01-01 00:00:00', NULL, 24),
(220, 'PARARIN', '2018-01-01 00:00:00', NULL, 24),
(221, 'TAPACOCHA', '2018-01-01 00:00:00', NULL, 24),
(222, 'TICAPAMPA', '2018-01-01 00:00:00', NULL, 24),
(223, 'CHIMBOTE', '2018-01-01 00:00:00', NULL, 25),
(224, 'CACERES DEL PERU', '2018-01-01 00:00:00', NULL, 25),
(225, 'COISHCO', '2018-01-01 00:00:00', NULL, 25),
(226, 'MACATE', '2018-01-01 00:00:00', NULL, 25),
(227, 'MORO', '2018-01-01 00:00:00', NULL, 25),
(228, 'NEPEÑA', '2018-01-01 00:00:00', NULL, 25),
(229, 'SAMANCO', '2018-01-01 00:00:00', NULL, 25),
(230, 'SANTA', '2018-01-01 00:00:00', NULL, 25),
(231, 'NUEVO CHIMBOTE', '2018-01-01 00:00:00', NULL, 25),
(232, 'SIHUAS', '2018-01-01 00:00:00', NULL, 26),
(233, 'ACOBAMBA', '2018-01-01 00:00:00', NULL, 26),
(234, 'ALFONSO UGARTE', '2018-01-01 00:00:00', NULL, 26),
(235, 'CASHAPAMPA', '2018-01-01 00:00:00', NULL, 26),
(236, 'CHINGALPO', '2018-01-01 00:00:00', NULL, 26),
(237, 'HUAYLLABAMBA', '2018-01-01 00:00:00', NULL, 26),
(238, 'QUICHES', '2018-01-01 00:00:00', NULL, 26),
(239, 'RAGASH', '2018-01-01 00:00:00', NULL, 26),
(240, 'SAN JUAN', '2018-01-01 00:00:00', NULL, 26),
(241, 'SICSIBAMBA', '2018-01-01 00:00:00', NULL, 26),
(242, 'YUNGAY', '2018-01-01 00:00:00', NULL, 27),
(243, 'CASCAPARA', '2018-01-01 00:00:00', NULL, 27),
(244, 'MANCOS', '2018-01-01 00:00:00', NULL, 27),
(245, 'MATACOTO', '2018-01-01 00:00:00', NULL, 27),
(246, 'QUILLO', '2018-01-01 00:00:00', NULL, 27),
(247, 'RANRAHIRCA', '2018-01-01 00:00:00', NULL, 27),
(248, 'SHUPLUY', '2018-01-01 00:00:00', NULL, 27),
(249, 'YANAMA', '2018-01-01 00:00:00', NULL, 27),
(250, 'ABANCAY', '2018-01-01 00:00:00', NULL, 28),
(251, 'CHACOCHE', '2018-01-01 00:00:00', NULL, 28),
(252, 'CIRCA', '2018-01-01 00:00:00', NULL, 28),
(253, 'CURAHUASI', '2018-01-01 00:00:00', NULL, 28),
(254, 'HUANIPACA', '2018-01-01 00:00:00', NULL, 28),
(255, 'LAMBRAMA', '2018-01-01 00:00:00', NULL, 28),
(256, 'PICHIRHUA', '2018-01-01 00:00:00', NULL, 28),
(257, 'SAN PEDRO DE CACHORA', '2018-01-01 00:00:00', NULL, 28),
(258, 'TAMBURCO', '2018-01-01 00:00:00', NULL, 28),
(259, 'ANDAHUAYLAS', '2018-01-01 00:00:00', NULL, 29),
(260, 'ANDARAPA', '2018-01-01 00:00:00', NULL, 29),
(261, 'CHIARA', '2018-01-01 00:00:00', NULL, 29),
(262, 'HUANCARAMA', '2018-01-01 00:00:00', NULL, 29),
(263, 'HUANCARAY', '2018-01-01 00:00:00', NULL, 29),
(264, 'HUAYANA', '2018-01-01 00:00:00', NULL, 29),
(265, 'KISHUARA', '2018-01-01 00:00:00', NULL, 29),
(266, 'PACOBAMBA', '2018-01-01 00:00:00', NULL, 29),
(267, 'PACUCHA', '2018-01-01 00:00:00', NULL, 29),
(268, 'PAMPACHIRI', '2018-01-01 00:00:00', NULL, 29),
(269, 'POMACOCHA', '2018-01-01 00:00:00', NULL, 29),
(270, 'SAN ANTONIO DE CACHI', '2018-01-01 00:00:00', NULL, 29),
(271, 'SAN JERONIMO', '2018-01-01 00:00:00', NULL, 29),
(272, 'SAN MIGUEL DE CHACCRAMPA', '2018-01-01 00:00:00', NULL, 29),
(273, 'SANTA MARIA DE CHICMO', '2018-01-01 00:00:00', NULL, 29),
(274, 'TALAVERA', '2018-01-01 00:00:00', NULL, 29),
(275, 'TUMAY HUARACA', '2018-01-01 00:00:00', NULL, 29),
(276, 'TURPO', '2018-01-01 00:00:00', NULL, 29),
(277, 'KAQUIABAMBA', '2018-01-01 00:00:00', NULL, 29),
(278, 'ANTABAMBA', '2018-01-01 00:00:00', NULL, 30),
(279, 'EL ORO', '2018-01-01 00:00:00', NULL, 30),
(280, 'HUAQUIRCA', '2018-01-01 00:00:00', NULL, 30),
(281, 'JUAN ESPINOZA MEDRANO', '2018-01-01 00:00:00', NULL, 30),
(282, 'OROPESA', '2018-01-01 00:00:00', NULL, 30),
(283, 'PACHACONAS', '2018-01-01 00:00:00', NULL, 30),
(284, 'SABAINO', '2018-01-01 00:00:00', NULL, 30),
(285, 'CHALHUANCA', '2018-01-01 00:00:00', NULL, 31),
(286, 'CAPAYA', '2018-01-01 00:00:00', NULL, 31),
(287, 'CARAYBAMBA', '2018-01-01 00:00:00', NULL, 31),
(288, 'CHAPIMARCA', '2018-01-01 00:00:00', NULL, 31),
(289, 'COLCABAMBA', '2018-01-01 00:00:00', NULL, 31),
(290, 'COTARUSE', '2018-01-01 00:00:00', NULL, 31),
(291, 'HUAYLLO', '2018-01-01 00:00:00', NULL, 31),
(292, 'JUSTO APU SAHUARAURA', '2018-01-01 00:00:00', NULL, 31),
(293, 'LUCRE', '2018-01-01 00:00:00', NULL, 31),
(294, 'POCOHUANCA', '2018-01-01 00:00:00', NULL, 31),
(295, 'SAN JUAN DE CHAC&Ntilde;A', '2018-01-01 00:00:00', NULL, 31),
(296, 'SAÑAYCA', '2018-01-01 00:00:00', NULL, 31),
(297, 'SORAYA', '2018-01-01 00:00:00', NULL, 31),
(298, 'TAPAIRIHUA', '2018-01-01 00:00:00', NULL, 31),
(299, 'TINTAY', '2018-01-01 00:00:00', NULL, 31),
(300, 'TORAYA', '2018-01-01 00:00:00', NULL, 31),
(301, 'YANACA', '2018-01-01 00:00:00', NULL, 31),
(302, 'TAMBOBAMBA', '2018-01-01 00:00:00', NULL, 32),
(303, 'COTABAMBAS', '2018-01-01 00:00:00', NULL, 32),
(304, 'COYLLURQUI', '2018-01-01 00:00:00', NULL, 32),
(305, 'HAQUIRA', '2018-01-01 00:00:00', NULL, 32),
(306, 'MARA', '2018-01-01 00:00:00', NULL, 32),
(307, 'CHALLHUAHUACHO', '2018-01-01 00:00:00', NULL, 32),
(308, 'CHINCHEROS', '2018-01-01 00:00:00', NULL, 33),
(309, 'ANCO-HUALLO', '2018-01-01 00:00:00', NULL, 33),
(310, 'COCHARCAS', '2018-01-01 00:00:00', NULL, 33),
(311, 'HUACCANA', '2018-01-01 00:00:00', NULL, 33),
(312, 'OCOBAMBA', '2018-01-01 00:00:00', NULL, 33),
(313, 'ONGOY', '2018-01-01 00:00:00', NULL, 33),
(314, 'URANMARCA', '2018-01-01 00:00:00', NULL, 33),
(315, 'RANRACANCHA', '2018-01-01 00:00:00', NULL, 33),
(316, 'CHUQUIBAMBILLA', '2018-01-01 00:00:00', NULL, 34),
(317, 'CURPAHUASI', '2018-01-01 00:00:00', NULL, 34),
(318, 'GAMARRA', '2018-01-01 00:00:00', NULL, 34),
(319, 'HUAYLLATI', '2018-01-01 00:00:00', NULL, 34),
(320, 'MAMARA', '2018-01-01 00:00:00', NULL, 34),
(321, 'MICAELA BASTIDAS', '2018-01-01 00:00:00', NULL, 34),
(322, 'PATAYPAMPA', '2018-01-01 00:00:00', NULL, 34),
(323, 'PROGRESO', '2018-01-01 00:00:00', NULL, 34),
(324, 'SAN ANTONIO', '2018-01-01 00:00:00', NULL, 34),
(325, 'SANTA ROSA', '2018-01-01 00:00:00', NULL, 34),
(326, 'TURPAY', '2018-01-01 00:00:00', NULL, 34),
(327, 'VILCABAMBA', '2018-01-01 00:00:00', NULL, 34),
(328, 'VIRUNDO', '2018-01-01 00:00:00', NULL, 34),
(329, 'CURASCO', '2018-01-01 00:00:00', NULL, 34),
(330, 'AREQUIPA', '2018-01-01 00:00:00', NULL, 35),
(331, 'ALTO SELVA ALEGRE', '2018-01-01 00:00:00', NULL, 35),
(332, 'CAYMA', '2018-01-01 00:00:00', NULL, 35),
(333, 'CERRO COLORADO', '2018-01-01 00:00:00', NULL, 35),
(334, 'CHARACATO', '2018-01-01 00:00:00', NULL, 35),
(335, 'CHIGUATA', '2018-01-01 00:00:00', NULL, 35),
(336, 'JACOBO HUNTER', '2018-01-01 00:00:00', NULL, 35),
(337, 'LA JOYA', '2018-01-01 00:00:00', NULL, 35),
(338, 'MARIANO MELGAR', '2018-01-01 00:00:00', NULL, 35),
(339, 'MIRAFLORES', '2018-01-01 00:00:00', NULL, 35),
(340, 'MOLLEBAYA', '2018-01-01 00:00:00', NULL, 35),
(341, 'PAUCARPATA', '2018-01-01 00:00:00', NULL, 35),
(342, 'POCSI', '2018-01-01 00:00:00', NULL, 35),
(343, 'POLOBAYA', '2018-01-01 00:00:00', NULL, 35),
(344, 'QUEQUEÑA', '2018-01-01 00:00:00', NULL, 35),
(345, 'SABANDIA', '2018-01-01 00:00:00', NULL, 35),
(346, 'SACHACA', '2018-01-01 00:00:00', NULL, 35),
(347, 'SAN JUAN DE SIGUAS', '2018-01-01 00:00:00', NULL, 35),
(348, 'SAN JUAN DE TARUCANI', '2018-01-01 00:00:00', NULL, 35),
(349, 'SANTA ISABEL DE SIGUAS', '2018-01-01 00:00:00', NULL, 35),
(350, 'SANTA RITA DE SIGUAS', '2018-01-01 00:00:00', NULL, 35),
(351, 'SOCABAYA', '2018-01-01 00:00:00', NULL, 35),
(352, 'TIABAYA', '2018-01-01 00:00:00', NULL, 35),
(353, 'UCHUMAYO', '2018-01-01 00:00:00', NULL, 35),
(354, 'VITOR', '2018-01-01 00:00:00', NULL, 35),
(355, 'YANAHUARA', '2018-01-01 00:00:00', NULL, 35),
(356, 'YARABAMBA', '2018-01-01 00:00:00', NULL, 35),
(357, 'YURA', '2018-01-01 00:00:00', NULL, 35),
(358, 'JOSE LUIS BUSTAMANTE Y RIVERO', '2018-01-01 00:00:00', NULL, 35),
(359, 'CAMANA', '2018-01-01 00:00:00', NULL, 36),
(360, 'JOSE MARIA QUIMPER', '2018-01-01 00:00:00', NULL, 36),
(361, 'MARIANO NICOLAS VALCARCEL', '2018-01-01 00:00:00', NULL, 36),
(362, 'MARISCAL CACERES', '2018-01-01 00:00:00', NULL, 36),
(363, 'NICOLAS DE PIEROLA', '2018-01-01 00:00:00', NULL, 36),
(364, 'OCOÑA', '2018-01-01 00:00:00', NULL, 36),
(365, 'QUILCA', '2018-01-01 00:00:00', NULL, 36),
(366, 'SAMUEL PASTOR', '2018-01-01 00:00:00', NULL, 36),
(367, 'CARAVELI', '2018-01-01 00:00:00', NULL, 37),
(368, 'ACARI', '2018-01-01 00:00:00', NULL, 37),
(369, 'ATICO', '2018-01-01 00:00:00', NULL, 37),
(370, 'ATIQUIPA', '2018-01-01 00:00:00', NULL, 37),
(371, 'BELLA UNION', '2018-01-01 00:00:00', NULL, 37),
(372, 'CAHUACHO', '2018-01-01 00:00:00', NULL, 37),
(373, 'CHALA', '2018-01-01 00:00:00', NULL, 37),
(374, 'CHAPARRA', '2018-01-01 00:00:00', NULL, 37),
(375, 'HUANUHUANU', '2018-01-01 00:00:00', NULL, 37),
(376, 'JAQUI', '2018-01-01 00:00:00', NULL, 37),
(377, 'LOMAS', '2018-01-01 00:00:00', NULL, 37),
(378, 'QUICACHA', '2018-01-01 00:00:00', NULL, 37),
(379, 'YAUCA', '2018-01-01 00:00:00', NULL, 37),
(380, 'APLAO', '2018-01-01 00:00:00', NULL, 38),
(381, 'ANDAGUA', '2018-01-01 00:00:00', NULL, 38),
(382, 'AYO', '2018-01-01 00:00:00', NULL, 38),
(383, 'CHACHAS', '2018-01-01 00:00:00', NULL, 38),
(384, 'CHILCAYMARCA', '2018-01-01 00:00:00', NULL, 38),
(385, 'CHOCO', '2018-01-01 00:00:00', NULL, 38),
(386, 'HUANCARQUI', '2018-01-01 00:00:00', NULL, 38),
(387, 'MACHAGUAY', '2018-01-01 00:00:00', NULL, 38),
(388, 'ORCOPAMPA', '2018-01-01 00:00:00', NULL, 38),
(389, 'PAMPACOLCA', '2018-01-01 00:00:00', NULL, 38),
(390, 'TIPAN', '2018-01-01 00:00:00', NULL, 38),
(391, 'UÑON', '2018-01-01 00:00:00', NULL, 38),
(392, 'URACA', '2018-01-01 00:00:00', NULL, 38),
(393, 'VIRACO', '2018-01-01 00:00:00', NULL, 38),
(394, 'CHIVAY', '2018-01-01 00:00:00', NULL, 39),
(395, 'ACHOMA', '2018-01-01 00:00:00', NULL, 39),
(396, 'CABANACONDE', '2018-01-01 00:00:00', NULL, 39),
(397, 'CALLALLI', '2018-01-01 00:00:00', NULL, 39),
(398, 'CAYLLOMA', '2018-01-01 00:00:00', NULL, 39),
(399, 'COPORAQUE', '2018-01-01 00:00:00', NULL, 39),
(400, 'HUAMBO', '2018-01-01 00:00:00', NULL, 39),
(401, 'HUANCA', '2018-01-01 00:00:00', NULL, 39),
(402, 'ICHUPAMPA', '2018-01-01 00:00:00', NULL, 39),
(403, 'LARI', '2018-01-01 00:00:00', NULL, 39),
(404, 'LLUTA', '2018-01-01 00:00:00', NULL, 39),
(405, 'MACA', '2018-01-01 00:00:00', NULL, 39),
(406, 'MADRIGAL', '2018-01-01 00:00:00', NULL, 39),
(407, 'SAN ANTONIO DE CHUCA', '2018-01-01 00:00:00', NULL, 39),
(408, 'SIBAYO', '2018-01-01 00:00:00', NULL, 39),
(409, 'TAPAY', '2018-01-01 00:00:00', NULL, 39),
(410, 'TISCO', '2018-01-01 00:00:00', NULL, 39),
(411, 'TUTI', '2018-01-01 00:00:00', NULL, 39),
(412, 'YANQUE', '2018-01-01 00:00:00', NULL, 39),
(413, 'MAJES', '2018-01-01 00:00:00', NULL, 39),
(414, 'CHUQUIBAMBA', '2018-01-01 00:00:00', NULL, 40),
(415, 'ANDARAY', '2018-01-01 00:00:00', NULL, 40),
(416, 'CAYARANI', '2018-01-01 00:00:00', NULL, 40),
(417, 'CHICHAS', '2018-01-01 00:00:00', NULL, 40),
(418, 'IRAY', '2018-01-01 00:00:00', NULL, 40),
(419, 'RIO GRANDE', '2018-01-01 00:00:00', NULL, 40),
(420, 'SALAMANCA', '2018-01-01 00:00:00', NULL, 40),
(421, 'YANAQUIHUA', '2018-01-01 00:00:00', NULL, 40),
(422, 'MOLLENDO', '2018-01-01 00:00:00', NULL, 41),
(423, 'COCACHACRA', '2018-01-01 00:00:00', NULL, 41),
(424, 'DEAN VALDIVIA', '2018-01-01 00:00:00', NULL, 41),
(425, 'ISLAY', '2018-01-01 00:00:00', NULL, 41),
(426, 'MEJIA', '2018-01-01 00:00:00', NULL, 41),
(427, 'PUNTA DE BOMBON', '2018-01-01 00:00:00', NULL, 41),
(428, 'COTAHUASI', '2018-01-01 00:00:00', NULL, 42),
(429, 'ALCA', '2018-01-01 00:00:00', NULL, 42),
(430, 'CHARCANA', '2018-01-01 00:00:00', NULL, 42),
(431, 'HUAYNACOTAS', '2018-01-01 00:00:00', NULL, 42),
(432, 'PAMPAMARCA', '2018-01-01 00:00:00', NULL, 42),
(433, 'PUYCA', '2018-01-01 00:00:00', NULL, 42),
(434, 'QUECHUALLA', '2018-01-01 00:00:00', NULL, 42),
(435, 'SAYLA', '2018-01-01 00:00:00', NULL, 42),
(436, 'TAURIA', '2018-01-01 00:00:00', NULL, 42),
(437, 'TOMEPAMPA', '2018-01-01 00:00:00', NULL, 42),
(438, 'TORO', '2018-01-01 00:00:00', NULL, 42),
(439, 'AYACUCHO', '2018-01-01 00:00:00', NULL, 43),
(440, 'ACOCRO', '2018-01-01 00:00:00', NULL, 43),
(441, 'ACOS VINCHOS', '2018-01-01 00:00:00', NULL, 43),
(442, 'CARMEN ALTO', '2018-01-01 00:00:00', NULL, 43),
(443, 'CHIARA', '2018-01-01 00:00:00', NULL, 43),
(444, 'OCROS', '2018-01-01 00:00:00', NULL, 43),
(445, 'PACAYCASA', '2018-01-01 00:00:00', NULL, 43),
(446, 'QUINUA', '2018-01-01 00:00:00', NULL, 43),
(447, 'SAN JOSE DE TICLLAS', '2018-01-01 00:00:00', NULL, 43),
(448, 'SAN JUAN BAUTISTA', '2018-01-01 00:00:00', NULL, 43),
(449, 'SANTIAGO DE PISCHA', '2018-01-01 00:00:00', NULL, 43),
(450, 'SOCOS', '2018-01-01 00:00:00', NULL, 43),
(451, 'TAMBILLO', '2018-01-01 00:00:00', NULL, 43),
(452, 'VINCHOS', '2018-01-01 00:00:00', NULL, 43),
(453, 'JESUS NAZARENO', '2018-01-01 00:00:00', NULL, 43),
(454, 'CANGALLO', '2018-01-01 00:00:00', NULL, 44),
(455, 'CHUSCHI', '2018-01-01 00:00:00', NULL, 44),
(456, 'LOS MOROCHUCOS', '2018-01-01 00:00:00', NULL, 44),
(457, 'MARIA PARADO DE BELLIDO', '2018-01-01 00:00:00', NULL, 44),
(458, 'PARAS', '2018-01-01 00:00:00', NULL, 44),
(459, 'TOTOS', '2018-01-01 00:00:00', NULL, 44),
(460, 'SANCOS', '2018-01-01 00:00:00', NULL, 45),
(461, 'CARAPO', '2018-01-01 00:00:00', NULL, 45),
(462, 'SACSAMARCA', '2018-01-01 00:00:00', NULL, 45),
(463, 'SANTIAGO DE LUCANAMARCA', '2018-01-01 00:00:00', NULL, 45),
(464, 'HUANTA', '2018-01-01 00:00:00', NULL, 46),
(465, 'AYAHUANCO', '2018-01-01 00:00:00', NULL, 46),
(466, 'HUAMANGUILLA', '2018-01-01 00:00:00', NULL, 46),
(467, 'IGUAIN', '2018-01-01 00:00:00', NULL, 46),
(468, 'LURICOCHA', '2018-01-01 00:00:00', NULL, 46),
(469, 'SANTILLANA', '2018-01-01 00:00:00', NULL, 46),
(470, 'SIVIA', '2018-01-01 00:00:00', NULL, 46),
(471, 'LLOCHEGUA', '2018-01-01 00:00:00', NULL, 46),
(472, 'SAN MIGUEL', '2018-01-01 00:00:00', NULL, 47),
(473, 'ANCO', '2018-01-01 00:00:00', NULL, 47),
(474, 'AYNA', '2018-01-01 00:00:00', NULL, 47),
(475, 'CHILCAS', '2018-01-01 00:00:00', NULL, 47),
(476, 'CHUNGUI', '2018-01-01 00:00:00', NULL, 47),
(477, 'LUIS CARRANZA', '2018-01-01 00:00:00', NULL, 47),
(478, 'SANTA ROSA', '2018-01-01 00:00:00', NULL, 47),
(479, 'TAMBO', '2018-01-01 00:00:00', NULL, 47),
(480, 'PUQUIO', '2018-01-01 00:00:00', NULL, 48),
(481, 'AUCARA', '2018-01-01 00:00:00', NULL, 48),
(482, 'CABANA', '2018-01-01 00:00:00', NULL, 48),
(483, 'CARMEN SALCEDO', '2018-01-01 00:00:00', NULL, 48),
(484, 'CHAVIÑA', '2018-01-01 00:00:00', NULL, 48),
(485, 'CHIPAO', '2018-01-01 00:00:00', NULL, 48),
(486, 'HUAC-HUAS', '2018-01-01 00:00:00', NULL, 48),
(487, 'LARAMATE', '2018-01-01 00:00:00', NULL, 48),
(488, 'LEONCIO PRADO', '2018-01-01 00:00:00', NULL, 48),
(489, 'LLAUTA', '2018-01-01 00:00:00', NULL, 48),
(490, 'LUCANAS', '2018-01-01 00:00:00', NULL, 48),
(491, 'OCAÑA', '2018-01-01 00:00:00', NULL, 48),
(492, 'OTOCA', '2018-01-01 00:00:00', NULL, 48),
(493, 'SAISA', '2018-01-01 00:00:00', NULL, 48),
(494, 'SAN CRISTOBAL', '2018-01-01 00:00:00', NULL, 48),
(495, 'SAN JUAN', '2018-01-01 00:00:00', NULL, 48),
(496, 'SAN PEDRO', '2018-01-01 00:00:00', NULL, 48),
(497, 'SAN PEDRO DE PALCO', '2018-01-01 00:00:00', NULL, 48),
(498, 'SANCOS', '2018-01-01 00:00:00', NULL, 48),
(499, 'SANTA ANA DE HUAYCAHUACHO', '2018-01-01 00:00:00', NULL, 48),
(500, 'SANTA LUCIA', '2018-01-01 00:00:00', NULL, 48),
(501, 'CORACORA', '2018-01-01 00:00:00', NULL, 49),
(502, 'CHUMPI', '2018-01-01 00:00:00', NULL, 49),
(503, 'CORONEL CASTAÑEDA', '2018-01-01 00:00:00', NULL, 49),
(504, 'PACAPAUSA', '2018-01-01 00:00:00', NULL, 49),
(505, 'PULLO', '2018-01-01 00:00:00', NULL, 49),
(506, 'PUYUSCA', '2018-01-01 00:00:00', NULL, 49),
(507, 'SAN FRANCISCO DE RAVACAYCO', '2018-01-01 00:00:00', NULL, 49),
(508, 'UPAHUACHO', '2018-01-01 00:00:00', NULL, 49),
(509, 'PAUSA', '2018-01-01 00:00:00', NULL, 50),
(510, 'COLTA', '2018-01-01 00:00:00', NULL, 50),
(511, 'CORCULLA', '2018-01-01 00:00:00', NULL, 50),
(512, 'LAMPA', '2018-01-01 00:00:00', NULL, 50),
(513, 'MARCABAMBA', '2018-01-01 00:00:00', NULL, 50),
(514, 'OYOLO', '2018-01-01 00:00:00', NULL, 50),
(515, 'PARARCA', '2018-01-01 00:00:00', NULL, 50),
(516, 'SAN JAVIER DE ALPABAMBA', '2018-01-01 00:00:00', NULL, 50),
(517, 'SAN JOSE DE USHUA', '2018-01-01 00:00:00', NULL, 50),
(518, 'SARA SARA', '2018-01-01 00:00:00', NULL, 50),
(519, 'QUEROBAMBA', '2018-01-01 00:00:00', NULL, 51),
(520, 'BELEN', '2018-01-01 00:00:00', NULL, 51),
(521, 'CHALCOS', '2018-01-01 00:00:00', NULL, 51),
(522, 'CHILCAYOC', '2018-01-01 00:00:00', NULL, 51),
(523, 'HUACAÑA', '2018-01-01 00:00:00', NULL, 51),
(524, 'MORCOLLA', '2018-01-01 00:00:00', NULL, 51),
(525, 'PAICO', '2018-01-01 00:00:00', NULL, 51),
(526, 'SAN PEDRO DE LARCAY', '2018-01-01 00:00:00', NULL, 51),
(527, 'SAN SALVADOR DE QUIJE', '2018-01-01 00:00:00', NULL, 51),
(528, 'SANTIAGO DE PAUCARAY', '2018-01-01 00:00:00', NULL, 51),
(529, 'SORAS', '2018-01-01 00:00:00', NULL, 51),
(530, 'HUANCAPI', '2018-01-01 00:00:00', NULL, 52),
(531, 'ALCAMENCA', '2018-01-01 00:00:00', NULL, 52),
(532, 'APONGO', '2018-01-01 00:00:00', NULL, 52),
(533, 'ASQUIPATA', '2018-01-01 00:00:00', NULL, 52),
(534, 'CANARIA', '2018-01-01 00:00:00', NULL, 52),
(535, 'CAYARA', '2018-01-01 00:00:00', NULL, 52),
(536, 'COLCA', '2018-01-01 00:00:00', NULL, 52),
(537, 'HUAMANQUIQUIA', '2018-01-01 00:00:00', NULL, 52),
(538, 'HUANCARAYLLA', '2018-01-01 00:00:00', NULL, 52),
(539, 'HUAYA', '2018-01-01 00:00:00', NULL, 52),
(540, 'SARHUA', '2018-01-01 00:00:00', NULL, 52),
(541, 'VILCANCHOS', '2018-01-01 00:00:00', NULL, 52),
(542, 'VILCAS HUAMAN', '2018-01-01 00:00:00', NULL, 53),
(543, 'ACCOMARCA', '2018-01-01 00:00:00', NULL, 53),
(544, 'CARHUANCA', '2018-01-01 00:00:00', NULL, 53),
(545, 'CONCEPCION', '2018-01-01 00:00:00', NULL, 53),
(546, 'HUAMBALPA', '2018-01-01 00:00:00', NULL, 53),
(547, 'INDEPENDENCIA', '2018-01-01 00:00:00', NULL, 53),
(548, 'SAURAMA', '2018-01-01 00:00:00', NULL, 53),
(549, 'VISCHONGO', '2018-01-01 00:00:00', NULL, 53),
(550, 'CAJAMARCA', '2018-01-01 00:00:00', NULL, 54),
(551, 'CAJAMARCA', '2018-01-01 00:00:00', NULL, 54),
(552, 'ASUNCION', '2018-01-01 00:00:00', NULL, 54),
(553, 'CHETILLA', '2018-01-01 00:00:00', NULL, 54),
(554, 'COSPAN', '2018-01-01 00:00:00', NULL, 54),
(555, 'ENCAÑADA', '2018-01-01 00:00:00', NULL, 54),
(556, 'JESUS', '2018-01-01 00:00:00', NULL, 54),
(557, 'LLACANORA', '2018-01-01 00:00:00', NULL, 54),
(558, 'LOS BAÑOS DEL INCA', '2018-01-01 00:00:00', NULL, 54),
(559, 'MAGDALENA', '2018-01-01 00:00:00', NULL, 54),
(560, 'MATARA', '2018-01-01 00:00:00', NULL, 54),
(561, 'NAMORA', '2018-01-01 00:00:00', NULL, 54),
(562, 'SAN JUAN', '2018-01-01 00:00:00', NULL, 54),
(563, 'CAJABAMBA', '2018-01-01 00:00:00', NULL, 55),
(564, 'CACHACHI', '2018-01-01 00:00:00', NULL, 55),
(565, 'CONDEBAMBA', '2018-01-01 00:00:00', NULL, 55),
(566, 'SITACOCHA', '2018-01-01 00:00:00', NULL, 55),
(567, 'CELENDIN', '2018-01-01 00:00:00', NULL, 56),
(568, 'CHUMUCH', '2018-01-01 00:00:00', NULL, 56),
(569, 'CORTEGANA', '2018-01-01 00:00:00', NULL, 56),
(570, 'HUASMIN', '2018-01-01 00:00:00', NULL, 56),
(571, 'JORGE CHAVEZ', '2018-01-01 00:00:00', NULL, 56),
(572, 'JOSE GALVEZ', '2018-01-01 00:00:00', NULL, 56),
(573, 'MIGUEL IGLESIAS', '2018-01-01 00:00:00', NULL, 56),
(574, 'OXAMARCA', '2018-01-01 00:00:00', NULL, 56),
(575, 'SOROCHUCO', '2018-01-01 00:00:00', NULL, 56),
(576, 'SUCRE', '2018-01-01 00:00:00', NULL, 56),
(577, 'UTCO', '2018-01-01 00:00:00', NULL, 56),
(578, 'LA LIBERTAD DE PALLAN', '2018-01-01 00:00:00', NULL, 56),
(579, 'CHOTA', '2018-01-01 00:00:00', NULL, 57),
(580, 'ANGUIA', '2018-01-01 00:00:00', NULL, 57),
(581, 'CHADIN', '2018-01-01 00:00:00', NULL, 57),
(582, 'CHIGUIRIP', '2018-01-01 00:00:00', NULL, 57),
(583, 'CHIMBAN', '2018-01-01 00:00:00', NULL, 57),
(584, 'CHOROPAMPA', '2018-01-01 00:00:00', NULL, 57),
(585, 'COCHABAMBA', '2018-01-01 00:00:00', NULL, 57),
(586, 'CONCHAN', '2018-01-01 00:00:00', NULL, 57),
(587, 'HUAMBOS', '2018-01-01 00:00:00', NULL, 57),
(588, 'LAJAS', '2018-01-01 00:00:00', NULL, 57),
(589, 'LLAMA', '2018-01-01 00:00:00', NULL, 57),
(590, 'MIRACOSTA', '2018-01-01 00:00:00', NULL, 57),
(591, 'PACCHA', '2018-01-01 00:00:00', NULL, 57),
(592, 'PION', '2018-01-01 00:00:00', NULL, 57),
(593, 'QUEROCOTO', '2018-01-01 00:00:00', NULL, 57),
(594, 'SAN JUAN DE LICUPIS', '2018-01-01 00:00:00', NULL, 57),
(595, 'TACABAMBA', '2018-01-01 00:00:00', NULL, 57),
(596, 'TOCMOCHE', '2018-01-01 00:00:00', NULL, 57),
(597, 'CHALAMARCA', '2018-01-01 00:00:00', NULL, 57),
(598, 'CONTUMAZA', '2018-01-01 00:00:00', NULL, 58),
(599, 'CHILETE', '2018-01-01 00:00:00', NULL, 58),
(600, 'CUPISNIQUE', '2018-01-01 00:00:00', NULL, 58),
(601, 'GUZMANGO', '2018-01-01 00:00:00', NULL, 58),
(602, 'SAN BENITO', '2018-01-01 00:00:00', NULL, 58),
(603, 'SANTA CRUZ DE TOLED', '2018-01-01 00:00:00', NULL, 58),
(604, 'TANTARICA', '2018-01-01 00:00:00', NULL, 58),
(605, 'YONAN', '2018-01-01 00:00:00', NULL, 58),
(606, 'CUTERVO', '2018-01-01 00:00:00', NULL, 59),
(607, 'CALLAYUC', '2018-01-01 00:00:00', NULL, 59),
(608, 'CHOROS', '2018-01-01 00:00:00', NULL, 59),
(609, 'CUJILLO', '2018-01-01 00:00:00', NULL, 59),
(610, 'LA RAMADA', '2018-01-01 00:00:00', NULL, 59),
(611, 'PIMPINGOS', '2018-01-01 00:00:00', NULL, 59),
(612, 'QUEROCOTILLO', '2018-01-01 00:00:00', NULL, 59),
(613, 'SAN ANDRES DE CUTERVO', '2018-01-01 00:00:00', NULL, 59),
(614, 'SAN JUAN DE CUTERVO', '2018-01-01 00:00:00', NULL, 59),
(615, 'SAN LUIS DE LUCMA', '2018-01-01 00:00:00', NULL, 59),
(616, 'SANTA CRUZ', '2018-01-01 00:00:00', NULL, 59),
(617, 'SANTO DOMINGO DE LA CAPILLA', '2018-01-01 00:00:00', NULL, 59),
(618, 'SANTO TOMAS', '2018-01-01 00:00:00', NULL, 59),
(619, 'SOCOTA', '2018-01-01 00:00:00', NULL, 59),
(620, 'TORIBIO CASANOVA', '2018-01-01 00:00:00', NULL, 59),
(621, 'BAMBAMARCA', '2018-01-01 00:00:00', NULL, 60),
(622, 'CHUGUR', '2018-01-01 00:00:00', NULL, 60),
(623, 'HUALGAYOC', '2018-01-01 00:00:00', NULL, 60),
(624, 'JAEN', '2018-01-01 00:00:00', NULL, 61),
(625, 'BELLAVISTA', '2018-01-01 00:00:00', NULL, 61),
(626, 'CHONTALI', '2018-01-01 00:00:00', NULL, 61),
(627, 'COLASAY', '2018-01-01 00:00:00', NULL, 61),
(628, 'HUABAL', '2018-01-01 00:00:00', NULL, 61),
(629, 'LAS PIRIAS', '2018-01-01 00:00:00', NULL, 61),
(630, 'POMAHUACA', '2018-01-01 00:00:00', NULL, 61),
(631, 'PUCARA', '2018-01-01 00:00:00', NULL, 61),
(632, 'SALLIQUE', '2018-01-01 00:00:00', NULL, 61),
(633, 'SAN FELIPE', '2018-01-01 00:00:00', NULL, 61),
(634, 'SAN JOSE DEL ALTO', '2018-01-01 00:00:00', NULL, 61),
(635, 'SANTA ROSA', '2018-01-01 00:00:00', NULL, 61),
(636, 'SAN IGNACIO', '2018-01-01 00:00:00', NULL, 62),
(637, 'CHIRINOS', '2018-01-01 00:00:00', NULL, 62),
(638, 'HUARANGO', '2018-01-01 00:00:00', NULL, 62),
(639, 'LA COIPA', '2018-01-01 00:00:00', NULL, 62),
(640, 'NAMBALLE', '2018-01-01 00:00:00', NULL, 62),
(641, 'SAN JOSE DE LOURDES', '2018-01-01 00:00:00', NULL, 62),
(642, 'TABACONAS', '2018-01-01 00:00:00', NULL, 62),
(643, 'PEDRO GALVEZ', '2018-01-01 00:00:00', NULL, 63),
(644, 'CHANCAY', '2018-01-01 00:00:00', NULL, 63),
(645, 'EDUARDO VILLANUEVA', '2018-01-01 00:00:00', NULL, 63),
(646, 'GREGORIO PITA', '2018-01-01 00:00:00', NULL, 63),
(647, 'ICHOCAN', '2018-01-01 00:00:00', NULL, 63),
(648, 'JOSE MANUEL QUIROZ', '2018-01-01 00:00:00', NULL, 63),
(649, 'JOSE SABOGAL', '2018-01-01 00:00:00', NULL, 63),
(650, 'SAN MIGUEL', '2018-01-01 00:00:00', NULL, 64),
(651, 'SAN MIGUEL', '2018-01-01 00:00:00', NULL, 64),
(652, 'BOLIVAR', '2018-01-01 00:00:00', NULL, 64),
(653, 'CALQUIS', '2018-01-01 00:00:00', NULL, 64),
(654, 'CATILLUC', '2018-01-01 00:00:00', NULL, 64),
(655, 'EL PRADO', '2018-01-01 00:00:00', NULL, 64),
(656, 'LA FLORIDA', '2018-01-01 00:00:00', NULL, 64),
(657, 'LLAPA', '2018-01-01 00:00:00', NULL, 64),
(658, 'NANCHOC', '2018-01-01 00:00:00', NULL, 64),
(659, 'NIEPOS', '2018-01-01 00:00:00', NULL, 64),
(660, 'SAN GREGORIO', '2018-01-01 00:00:00', NULL, 64),
(661, 'SAN SILVESTRE DE COCHAN', '2018-01-01 00:00:00', NULL, 64),
(662, 'TONGOD', '2018-01-01 00:00:00', NULL, 64),
(663, 'UNION AGUA BLANCA', '2018-01-01 00:00:00', NULL, 64),
(664, 'SAN PABLO', '2018-01-01 00:00:00', NULL, 65),
(665, 'SAN BERNARDINO', '2018-01-01 00:00:00', NULL, 65),
(666, 'SAN LUIS', '2018-01-01 00:00:00', NULL, 65),
(667, 'TUMBADEN', '2018-01-01 00:00:00', NULL, 65),
(668, 'SANTA CRUZ', '2018-01-01 00:00:00', NULL, 66),
(669, 'ANDABAMBA', '2018-01-01 00:00:00', NULL, 66),
(670, 'CATACHE', '2018-01-01 00:00:00', NULL, 66),
(671, 'CHANCAYBAÑOS', '2018-01-01 00:00:00', NULL, 66),
(672, 'LA ESPERANZA', '2018-01-01 00:00:00', NULL, 66),
(673, 'NINABAMBA', '2018-01-01 00:00:00', NULL, 66),
(674, 'PULAN', '2018-01-01 00:00:00', NULL, 66),
(675, 'SAUCEPAMPA', '2018-01-01 00:00:00', NULL, 66),
(676, 'SEXI', '2018-01-01 00:00:00', NULL, 66),
(677, 'UTICYACU', '2018-01-01 00:00:00', NULL, 66),
(678, 'YAUYUCAN', '2018-01-01 00:00:00', NULL, 66),
(679, 'CALLAO', '2018-01-01 00:00:00', NULL, 127),
(680, 'BELLAVISTA', '2018-01-01 00:00:00', NULL, 127),
(681, 'CARMEN DE LA LEGUA REYNOSO', '2018-01-01 00:00:00', NULL, 127),
(682, 'LA PERLA', '2018-01-01 00:00:00', NULL, 127),
(683, 'LA PUNTA', '2018-01-01 00:00:00', NULL, 127),
(684, 'VENTANILLA', '2018-01-01 00:00:00', NULL, 127),
(685, 'CUSCO', '2018-01-01 00:00:00', NULL, 67),
(686, 'CCORCA', '2018-01-01 00:00:00', NULL, 67),
(687, 'POROY', '2018-01-01 00:00:00', NULL, 67),
(688, 'SAN JERONIMO', '2018-01-01 00:00:00', NULL, 67),
(689, 'SAN SEBASTIAN', '2018-01-01 00:00:00', NULL, 67),
(690, 'SANTIAGO', '2018-01-01 00:00:00', NULL, 67),
(691, 'SAYLLA', '2018-01-01 00:00:00', NULL, 67),
(692, 'WANCHAQ', '2018-01-01 00:00:00', NULL, 67),
(693, 'ACOMAYO', '2018-01-01 00:00:00', NULL, 68),
(694, 'ACOPIA', '2018-01-01 00:00:00', NULL, 68),
(695, 'ACOS', '2018-01-01 00:00:00', NULL, 68),
(696, 'MOSOC LLACTA', '2018-01-01 00:00:00', NULL, 68),
(697, 'POMACANCHI', '2018-01-01 00:00:00', NULL, 68),
(698, 'RONDOCAN', '2018-01-01 00:00:00', NULL, 68),
(699, 'SANGARARA', '2018-01-01 00:00:00', NULL, 68),
(700, 'ANTA', '2018-01-01 00:00:00', NULL, 69),
(701, 'ANCAHUASI', '2018-01-01 00:00:00', NULL, 69),
(702, 'CACHIMAYO', '2018-01-01 00:00:00', NULL, 69),
(703, 'CHINCHAYPUJIO', '2018-01-01 00:00:00', NULL, 69),
(704, 'HUAROCONDO', '2018-01-01 00:00:00', NULL, 69),
(705, 'LIMATAMBO', '2018-01-01 00:00:00', NULL, 69),
(706, 'MOLLEPATA', '2018-01-01 00:00:00', NULL, 69),
(707, 'PUCYURA', '2018-01-01 00:00:00', NULL, 69),
(708, 'ZURITE', '2018-01-01 00:00:00', NULL, 69),
(709, 'CALCA', '2018-01-01 00:00:00', NULL, 70),
(710, 'COYA', '2018-01-01 00:00:00', NULL, 70),
(711, 'LAMAY', '2018-01-01 00:00:00', NULL, 70),
(712, 'LARES', '2018-01-01 00:00:00', NULL, 70),
(713, 'PISAC', '2018-01-01 00:00:00', NULL, 70),
(714, 'SAN SALVADOR', '2018-01-01 00:00:00', NULL, 70),
(715, 'TARAY', '2018-01-01 00:00:00', NULL, 70),
(716, 'YANATILE', '2018-01-01 00:00:00', NULL, 70),
(717, 'YANAOCA', '2018-01-01 00:00:00', NULL, 71),
(718, 'CHECCA', '2018-01-01 00:00:00', NULL, 71),
(719, 'KUNTURKANKI', '2018-01-01 00:00:00', NULL, 71),
(720, 'LANGUI', '2018-01-01 00:00:00', NULL, 71),
(721, 'LAYO', '2018-01-01 00:00:00', NULL, 71),
(722, 'PAMPAMARCA', '2018-01-01 00:00:00', NULL, 71),
(723, 'QUEHUE', '2018-01-01 00:00:00', NULL, 71),
(724, 'TUPAC AMARU', '2018-01-01 00:00:00', NULL, 71),
(725, 'SICUANI', '2018-01-01 00:00:00', NULL, 72),
(726, 'CHECACUPE', '2018-01-01 00:00:00', NULL, 72),
(727, 'COMBAPATA', '2018-01-01 00:00:00', NULL, 72),
(728, 'MARANGANI', '2018-01-01 00:00:00', NULL, 72),
(729, 'PITUMARCA', '2018-01-01 00:00:00', NULL, 72),
(730, 'SAN PABLO', '2018-01-01 00:00:00', NULL, 72),
(731, 'SAN PEDRO', '2018-01-01 00:00:00', NULL, 72),
(732, 'TINTA', '2018-01-01 00:00:00', NULL, 72),
(733, 'SANTO TOMAS', '2018-01-01 00:00:00', NULL, 73),
(734, 'CAPACMARCA', '2018-01-01 00:00:00', NULL, 73),
(735, 'CHAMACA', '2018-01-01 00:00:00', NULL, 73),
(736, 'COLQUEMARCA', '2018-01-01 00:00:00', NULL, 73),
(737, 'LIVITACA', '2018-01-01 00:00:00', NULL, 73),
(738, 'LLUSCO', '2018-01-01 00:00:00', NULL, 73),
(739, 'QUIÑOTA', '2018-01-01 00:00:00', NULL, 73),
(740, 'VELILLE', '2018-01-01 00:00:00', NULL, 73),
(741, 'ESPINAR', '2018-01-01 00:00:00', NULL, 74),
(742, 'CONDOROMA', '2018-01-01 00:00:00', NULL, 74),
(743, 'COPORAQUE', '2018-01-01 00:00:00', NULL, 74),
(744, 'OCORURO', '2018-01-01 00:00:00', NULL, 74),
(745, 'PALLPATA', '2018-01-01 00:00:00', NULL, 74),
(746, 'PICHIGUA', '2018-01-01 00:00:00', NULL, 74),
(747, 'SUYCKUTAMBO', '2018-01-01 00:00:00', NULL, 74),
(748, 'ALTO PICHIGUA', '2018-01-01 00:00:00', NULL, 74),
(749, 'SANTA ANA', '2018-01-01 00:00:00', NULL, 75),
(750, 'ECHARATE', '2018-01-01 00:00:00', NULL, 75),
(751, 'HUAYOPATA', '2018-01-01 00:00:00', NULL, 75),
(752, 'MARANURA', '2018-01-01 00:00:00', NULL, 75),
(753, 'OCOBAMBA', '2018-01-01 00:00:00', NULL, 75),
(754, 'QUELLOUNO', '2018-01-01 00:00:00', NULL, 75),
(755, 'KIMBIRI', '2018-01-01 00:00:00', NULL, 75),
(756, 'SANTA TERESA', '2018-01-01 00:00:00', NULL, 75),
(757, 'VILCABAMBA', '2018-01-01 00:00:00', NULL, 75),
(758, 'PICHARI', '2018-01-01 00:00:00', NULL, 75),
(759, 'PARURO', '2018-01-01 00:00:00', NULL, 76),
(760, 'ACCHA', '2018-01-01 00:00:00', NULL, 76),
(761, 'CCAPI', '2018-01-01 00:00:00', NULL, 76),
(762, 'COLCHA', '2018-01-01 00:00:00', NULL, 76),
(763, 'HUANOQUITE', '2018-01-01 00:00:00', NULL, 76),
(764, 'OMACHA', '2018-01-01 00:00:00', NULL, 76),
(765, 'PACCARITAMBO', '2018-01-01 00:00:00', NULL, 76),
(766, 'PILLPINTO', '2018-01-01 00:00:00', NULL, 76),
(767, 'YAURISQUE', '2018-01-01 00:00:00', NULL, 76),
(768, 'PAUCARTAMBO', '2018-01-01 00:00:00', NULL, 77),
(769, 'CAICAY', '2018-01-01 00:00:00', NULL, 77),
(770, 'CHALLABAMBA', '2018-01-01 00:00:00', NULL, 77),
(771, 'COLQUEPATA', '2018-01-01 00:00:00', NULL, 77),
(772, 'HUANCARANI', '2018-01-01 00:00:00', NULL, 77),
(773, 'KOSÑIPATA', '2018-01-01 00:00:00', NULL, 77),
(774, 'URCOS', '2018-01-01 00:00:00', NULL, 78),
(775, 'ANDAHUAYLILLAS', '2018-01-01 00:00:00', NULL, 78),
(776, 'CAMANTI', '2018-01-01 00:00:00', NULL, 78),
(777, 'CCARHUAYO', '2018-01-01 00:00:00', NULL, 78),
(778, 'CCATCA', '2018-01-01 00:00:00', NULL, 78),
(779, 'CUSIPATA', '2018-01-01 00:00:00', NULL, 78),
(780, 'HUARO', '2018-01-01 00:00:00', NULL, 78),
(781, 'LUCRE', '2018-01-01 00:00:00', NULL, 78),
(782, 'MARCAPATA', '2018-01-01 00:00:00', NULL, 78),
(783, 'OCONGATE', '2018-01-01 00:00:00', NULL, 78),
(784, 'OROPESA', '2018-01-01 00:00:00', NULL, 78),
(785, 'QUIQUIJANA', '2018-01-01 00:00:00', NULL, 78),
(786, 'URUBAMBA', '2018-01-01 00:00:00', NULL, 79),
(787, 'CHINCHERO', '2018-01-01 00:00:00', NULL, 79),
(788, 'HUAYLLABAMBA', '2018-01-01 00:00:00', NULL, 79),
(789, 'MACHUPICCHU', '2018-01-01 00:00:00', NULL, 79),
(790, 'MARAS', '2018-01-01 00:00:00', NULL, 79),
(791, 'OLLANTAYTAMBO', '2018-01-01 00:00:00', NULL, 79),
(792, 'YUCAY', '2018-01-01 00:00:00', NULL, 79),
(793, 'HUANCAVELICA', '2018-01-01 00:00:00', NULL, 80),
(794, 'ACOBAMBILLA', '2018-01-01 00:00:00', NULL, 80),
(795, 'ACORIA', '2018-01-01 00:00:00', NULL, 80),
(796, 'CONAYCA', '2018-01-01 00:00:00', NULL, 80),
(797, 'CUENCA', '2018-01-01 00:00:00', NULL, 80),
(798, 'HUACHOCOLPA', '2018-01-01 00:00:00', NULL, 80),
(799, 'HUAYLLAHUARA', '2018-01-01 00:00:00', NULL, 80),
(800, 'IZCUCHACA', '2018-01-01 00:00:00', NULL, 80),
(801, 'LARIA', '2018-01-01 00:00:00', NULL, 80),
(802, 'MANTA', '2018-01-01 00:00:00', NULL, 80),
(803, 'MARISCAL CACERES', '2018-01-01 00:00:00', NULL, 80),
(804, 'MOYA', '2018-01-01 00:00:00', NULL, 80),
(805, 'NUEVO OCCORO', '2018-01-01 00:00:00', NULL, 80),
(806, 'PALCA', '2018-01-01 00:00:00', NULL, 80),
(807, 'PILCHACA', '2018-01-01 00:00:00', NULL, 80),
(808, 'VILCA', '2018-01-01 00:00:00', NULL, 80),
(809, 'YAULI', '2018-01-01 00:00:00', NULL, 80),
(810, 'ASCENSION', '2018-01-01 00:00:00', NULL, 80),
(811, 'HUANDO', '2018-01-01 00:00:00', NULL, 80),
(812, 'ACOBAMBA', '2018-01-01 00:00:00', NULL, 81),
(813, 'ANDABAMBA', '2018-01-01 00:00:00', NULL, 81),
(814, 'ANTA', '2018-01-01 00:00:00', NULL, 81),
(815, 'CAJA', '2018-01-01 00:00:00', NULL, 81),
(816, 'MARCAS', '2018-01-01 00:00:00', NULL, 81),
(817, 'PAUCARA', '2018-01-01 00:00:00', NULL, 81),
(818, 'POMACOCHA', '2018-01-01 00:00:00', NULL, 81),
(819, 'ROSARIO', '2018-01-01 00:00:00', NULL, 81),
(820, 'LIRCAY', '2018-01-01 00:00:00', NULL, 82),
(821, 'ANCHONGA', '2018-01-01 00:00:00', NULL, 82),
(822, 'CALLANMARCA', '2018-01-01 00:00:00', NULL, 82),
(823, 'CCOCHACCASA', '2018-01-01 00:00:00', NULL, 82),
(824, 'CHINCHO', '2018-01-01 00:00:00', NULL, 82),
(825, 'CONGALLA', '2018-01-01 00:00:00', NULL, 82),
(826, 'HUANCA-HUANCA', '2018-01-01 00:00:00', NULL, 82),
(827, 'HUAYLLAY GRANDE', '2018-01-01 00:00:00', NULL, 82),
(828, 'JULCAMARCA', '2018-01-01 00:00:00', NULL, 82),
(829, 'SAN ANTONIO DE ANTAPARCO', '2018-01-01 00:00:00', NULL, 82),
(830, 'SANTO TOMAS DE PATA', '2018-01-01 00:00:00', NULL, 82),
(831, 'SECCLLA', '2018-01-01 00:00:00', NULL, 82),
(832, 'CASTROVIRREYNA', '2018-01-01 00:00:00', NULL, 83),
(833, 'ARMA', '2018-01-01 00:00:00', NULL, 83),
(834, 'AURAHUA', '2018-01-01 00:00:00', NULL, 83),
(835, 'CAPILLAS', '2018-01-01 00:00:00', NULL, 83),
(836, 'CHUPAMARCA', '2018-01-01 00:00:00', NULL, 83),
(837, 'COCAS', '2018-01-01 00:00:00', NULL, 83),
(838, 'HUACHOS', '2018-01-01 00:00:00', NULL, 83),
(839, 'HUAMATAMBO', '2018-01-01 00:00:00', NULL, 83),
(840, 'MOLLEPAMPA', '2018-01-01 00:00:00', NULL, 83),
(841, 'SAN JUAN', '2018-01-01 00:00:00', NULL, 83),
(842, 'SANTA ANA', '2018-01-01 00:00:00', NULL, 83),
(843, 'TANTARA', '2018-01-01 00:00:00', NULL, 83),
(844, 'TICRAPO', '2018-01-01 00:00:00', NULL, 83),
(845, 'CHURCAMPA', '2018-01-01 00:00:00', NULL, 84),
(846, 'ANCO', '2018-01-01 00:00:00', NULL, 84),
(847, 'CHINCHIHUASI', '2018-01-01 00:00:00', NULL, 84),
(848, 'EL CARMEN', '2018-01-01 00:00:00', NULL, 84),
(849, 'LA MERCED', '2018-01-01 00:00:00', NULL, 84),
(850, 'LOCROJA', '2018-01-01 00:00:00', NULL, 84),
(851, 'PAUCARBAMBA', '2018-01-01 00:00:00', NULL, 84),
(852, 'SAN MIGUEL DE MAYOCC', '2018-01-01 00:00:00', NULL, 84),
(853, 'SAN PEDRO DE CORIS', '2018-01-01 00:00:00', NULL, 84),
(854, 'PACHAMARCA', '2018-01-01 00:00:00', NULL, 84),
(855, 'HUAYTARA', '2018-01-01 00:00:00', NULL, 85),
(856, 'AYAVI', '2018-01-01 00:00:00', NULL, 85),
(857, 'CORDOVA', '2018-01-01 00:00:00', NULL, 85),
(858, 'HUAYACUNDO ARMA', '2018-01-01 00:00:00', NULL, 85),
(859, 'LARAMARCA', '2018-01-01 00:00:00', NULL, 85),
(860, 'OCOYO', '2018-01-01 00:00:00', NULL, 85),
(861, 'PILPICHACA', '2018-01-01 00:00:00', NULL, 85),
(862, 'QUERCO', '2018-01-01 00:00:00', NULL, 85),
(863, 'QUITO-ARMA', '2018-01-01 00:00:00', NULL, 85),
(864, 'SAN ANTONIO DE CUSICANCHA', '2018-01-01 00:00:00', NULL, 85),
(865, 'SAN FRANCISCO DE SANGAYAICO', '2018-01-01 00:00:00', NULL, 85),
(866, 'SAN ISIDRO', '2018-01-01 00:00:00', NULL, 85),
(867, 'SANTIAGO DE CHOCORVOS', '2018-01-01 00:00:00', NULL, 85),
(868, 'SANTIAGO DE QUIRAHUARA', '2018-01-01 00:00:00', NULL, 85),
(869, 'SANTO DOMINGO DE CAPILLAS', '2018-01-01 00:00:00', NULL, 85),
(870, 'TAMBO', '2018-01-01 00:00:00', NULL, 85),
(871, 'PAMPAS', '2018-01-01 00:00:00', NULL, 86),
(872, 'ACOSTAMBO', '2018-01-01 00:00:00', NULL, 86),
(873, 'ACRAQUIA', '2018-01-01 00:00:00', NULL, 86),
(874, 'AHUAYCHA', '2018-01-01 00:00:00', NULL, 86),
(875, 'COLCABAMBA', '2018-01-01 00:00:00', NULL, 86),
(876, 'DANIEL HERNANDEZ', '2018-01-01 00:00:00', NULL, 86),
(877, 'HUACHOCOLPA', '2018-01-01 00:00:00', NULL, 86),
(878, 'HUARIBAMBA', '2018-01-01 00:00:00', NULL, 86),
(879, 'ÑAHUIMPUQUIO', '2018-01-01 00:00:00', NULL, 86),
(880, 'PAZOS', '2018-01-01 00:00:00', NULL, 86),
(881, 'QUISHUAR', '2018-01-01 00:00:00', NULL, 86),
(882, 'SALCABAMBA', '2018-01-01 00:00:00', NULL, 86),
(883, 'SALCAHUASI', '2018-01-01 00:00:00', NULL, 86),
(884, 'SAN MARCOS DE ROCCHAC', '2018-01-01 00:00:00', NULL, 86),
(885, 'SURCUBAMBA', '2018-01-01 00:00:00', NULL, 86),
(886, 'TINTAY PUNCU', '2018-01-01 00:00:00', NULL, 86),
(887, 'HUANUCO', '2018-01-01 00:00:00', NULL, 87),
(888, 'AMARILIS', '2018-01-01 00:00:00', NULL, 87),
(889, 'CHINCHAO', '2018-01-01 00:00:00', NULL, 87),
(890, 'CHURUBAMBA', '2018-01-01 00:00:00', NULL, 87),
(891, 'MARGOS', '2018-01-01 00:00:00', NULL, 87),
(892, 'QUISQUI', '2018-01-01 00:00:00', NULL, 87),
(893, 'SAN FRANCISCO DE CAYRAN', '2018-01-01 00:00:00', NULL, 87),
(894, 'SAN PEDRO DE CHAULAN', '2018-01-01 00:00:00', NULL, 87),
(895, 'SANTA MARIA DEL VALLE', '2018-01-01 00:00:00', NULL, 87),
(896, 'YARUMAYO', '2018-01-01 00:00:00', NULL, 87),
(897, 'PILLCO MARCA', '2018-01-01 00:00:00', NULL, 87),
(898, 'AMBO', '2018-01-01 00:00:00', NULL, 88),
(899, 'CAYNA', '2018-01-01 00:00:00', NULL, 88),
(900, 'COLPAS', '2018-01-01 00:00:00', NULL, 88),
(901, 'CONCHAMARCA', '2018-01-01 00:00:00', NULL, 88),
(902, 'HUACAR', '2018-01-01 00:00:00', NULL, 88),
(903, 'SAN FRANCISCO', '2018-01-01 00:00:00', NULL, 88),
(904, 'SAN RAFAEL', '2018-01-01 00:00:00', NULL, 88),
(905, 'TOMAY KICHWA', '2018-01-01 00:00:00', NULL, 88),
(906, 'LA UNION', '2018-01-01 00:00:00', NULL, 89),
(907, 'CHUQUIS', '2018-01-01 00:00:00', NULL, 89),
(908, 'MARIAS', '2018-01-01 00:00:00', NULL, 89),
(909, 'PACHAS', '2018-01-01 00:00:00', NULL, 89),
(910, 'QUIVILLA', '2018-01-01 00:00:00', NULL, 89),
(911, 'RIPAN', '2018-01-01 00:00:00', NULL, 89),
(912, 'SHUNQUI', '2018-01-01 00:00:00', NULL, 89),
(913, 'SILLAPATA', '2018-01-01 00:00:00', NULL, 89),
(914, 'YANAS', '2018-01-01 00:00:00', NULL, 89),
(915, 'HUACAYBAMBA', '2018-01-01 00:00:00', NULL, 90),
(916, 'CANCHABAMBA', '2018-01-01 00:00:00', NULL, 90),
(917, 'COCHABAMBA', '2018-01-01 00:00:00', NULL, 90),
(918, 'PINRA', '2018-01-01 00:00:00', NULL, 90),
(919, 'LLATA', '2018-01-01 00:00:00', NULL, 91),
(920, 'ARANCAY', '2018-01-01 00:00:00', NULL, 91),
(921, 'CHAVIN DE PARIARCA', '2018-01-01 00:00:00', NULL, 91),
(922, 'JACAS GRANDE', '2018-01-01 00:00:00', NULL, 91),
(923, 'JIRCAN', '2018-01-01 00:00:00', NULL, 91),
(924, 'MIRAFLORES', '2018-01-01 00:00:00', NULL, 91),
(925, 'MONZON', '2018-01-01 00:00:00', NULL, 91),
(926, 'PUNCHAO', '2018-01-01 00:00:00', NULL, 91),
(927, 'PUÑOS', '2018-01-01 00:00:00', NULL, 91),
(928, 'SINGA', '2018-01-01 00:00:00', NULL, 91),
(929, 'TANTAMAYO', '2018-01-01 00:00:00', NULL, 91),
(930, 'RUPA-RUPA', '2018-01-01 00:00:00', NULL, 92),
(931, 'DANIEL ALOMIA ROBLES', '2018-01-01 00:00:00', NULL, 92),
(932, 'HERMILIO VALDIZAN', '2018-01-01 00:00:00', NULL, 92),
(933, 'JOSE CRESPO Y CASTILLO', '2018-01-01 00:00:00', NULL, 92),
(934, 'LUYANDO', '2018-01-01 00:00:00', NULL, 92),
(935, 'MARIANO DAMASO BERAUN', '2018-01-01 00:00:00', NULL, 92),
(936, 'HUACRACHUCO', '2018-01-01 00:00:00', NULL, 93),
(937, 'CHOLON', '2018-01-01 00:00:00', NULL, 93),
(938, 'SAN BUENAVENTURA', '2018-01-01 00:00:00', NULL, 93),
(939, 'PANAO', '2018-01-01 00:00:00', NULL, 94),
(940, 'CHAGLLA', '2018-01-01 00:00:00', NULL, 94),
(941, 'MOLINO', '2018-01-01 00:00:00', NULL, 94),
(942, 'UMARI', '2018-01-01 00:00:00', NULL, 94),
(943, 'PUERTO INCA', '2018-01-01 00:00:00', NULL, 95),
(944, 'CODO DEL POZUZO', '2018-01-01 00:00:00', NULL, 95),
(945, 'HONORIA', '2018-01-01 00:00:00', NULL, 95),
(946, 'TOURNAVISTA', '2018-01-01 00:00:00', NULL, 95),
(947, 'YUYAPICHIS', '2018-01-01 00:00:00', NULL, 95),
(948, 'JESUS', '2018-01-01 00:00:00', NULL, 96),
(949, 'BAÑOS', '2018-01-01 00:00:00', NULL, 96),
(950, 'JIVIA', '2018-01-01 00:00:00', NULL, 96),
(951, 'QUEROPALCA', '2018-01-01 00:00:00', NULL, 96),
(952, 'RONDOS', '2018-01-01 00:00:00', NULL, 96),
(953, 'SAN FRANCISCO DE ASIS', '2018-01-01 00:00:00', NULL, 96),
(954, 'SAN MIGUEL DE CAURI', '2018-01-01 00:00:00', NULL, 96),
(955, 'CHAVINILLO', '2018-01-01 00:00:00', NULL, 97),
(956, 'CAHUAC', '2018-01-01 00:00:00', NULL, 97),
(957, 'CHACABAMBA', '2018-01-01 00:00:00', NULL, 97),
(958, 'APARICIO POMARES', '2018-01-01 00:00:00', NULL, 97),
(959, 'JACAS CHICO', '2018-01-01 00:00:00', NULL, 97),
(960, 'OBAS', '2018-01-01 00:00:00', NULL, 97),
(961, 'PAMPAMARCA', '2018-01-01 00:00:00', NULL, 97),
(962, 'CHORAS', '2018-01-01 00:00:00', NULL, 97),
(963, 'ICA', '2018-01-01 00:00:00', NULL, 98),
(964, 'LA TINGUIÑA', '2018-01-01 00:00:00', NULL, 98),
(965, 'LOS AQUIJES', '2018-01-01 00:00:00', NULL, 98),
(966, 'OCUCAJE', '2018-01-01 00:00:00', NULL, 98),
(967, 'PACHACUTEC', '2018-01-01 00:00:00', NULL, 98),
(968, 'PARCONA', '2018-01-01 00:00:00', NULL, 98),
(969, 'PUEBLO NUEVO', '2018-01-01 00:00:00', NULL, 98),
(970, 'SALAS', '2018-01-01 00:00:00', NULL, 98),
(971, 'SAN JOSE DE LOS MOLINOS', '2018-01-01 00:00:00', NULL, 98),
(972, 'SAN JUAN BAUTISTA', '2018-01-01 00:00:00', NULL, 98),
(973, 'SANTIAGO', '2018-01-01 00:00:00', NULL, 98),
(974, 'SUBTANJALLA', '2018-01-01 00:00:00', NULL, 98),
(975, 'TATE', '2018-01-01 00:00:00', NULL, 98),
(976, 'YAUCA DEL ROSARIO', '2018-01-01 00:00:00', NULL, 98),
(977, 'CHINCHA ALTA', '2018-01-01 00:00:00', NULL, 99),
(978, 'ALTO LARAN', '2018-01-01 00:00:00', NULL, 99),
(979, 'CHAVIN', '2018-01-01 00:00:00', NULL, 99);
INSERT INTO `distrito` (`idDistrito`, `distrito`, `fechaRegistro`, `fechaUpdate`, `provincia_idprovincia`) VALUES
(980, 'CHINCHA BAJA', '2018-01-01 00:00:00', NULL, 99),
(981, 'EL CARMEN', '2018-01-01 00:00:00', NULL, 99),
(982, 'GROCIO PRADO', '2018-01-01 00:00:00', NULL, 99),
(983, 'PUEBLO NUEVO', '2018-01-01 00:00:00', NULL, 99),
(984, 'SAN JUAN DE YANAC', '2018-01-01 00:00:00', NULL, 99),
(985, 'SAN PEDRO DE HUACARPANA', '2018-01-01 00:00:00', NULL, 99),
(986, 'SUNAMPE', '2018-01-01 00:00:00', NULL, 99),
(987, 'TAMBO DE MORA', '2018-01-01 00:00:00', NULL, 99),
(988, 'NAZCA', '2018-01-01 00:00:00', NULL, 100),
(989, 'CHANGUILLO', '2018-01-01 00:00:00', NULL, 100),
(990, 'EL INGENIO', '2018-01-01 00:00:00', NULL, 100),
(991, 'MARCONA', '2018-01-01 00:00:00', NULL, 100),
(992, 'VISTA ALEGRE', '2018-01-01 00:00:00', NULL, 100),
(993, 'PALPA', '2018-01-01 00:00:00', NULL, 101),
(994, 'LLIPATA', '2018-01-01 00:00:00', NULL, 101),
(995, 'RIO GRANDE', '2018-01-01 00:00:00', NULL, 101),
(996, 'SANTA CRUZ', '2018-01-01 00:00:00', NULL, 101),
(997, 'TIBILLO', '2018-01-01 00:00:00', NULL, 101),
(998, 'PISCO', '2018-01-01 00:00:00', NULL, 102),
(999, 'HUANCANO', '2018-01-01 00:00:00', NULL, 102),
(1000, 'HUMAY', '2018-01-01 00:00:00', NULL, 102),
(1001, 'INDEPENDENCIA', '2018-01-01 00:00:00', NULL, 102),
(1002, 'PARACAS', '2018-01-01 00:00:00', NULL, 102),
(1003, 'SAN ANDRES', '2018-01-01 00:00:00', NULL, 102),
(1004, 'SAN CLEMENTE', '2018-01-01 00:00:00', NULL, 102),
(1005, 'TUPAC AMARU INCA', '2018-01-01 00:00:00', NULL, 102),
(1006, 'HUANCAYO', '2018-01-01 00:00:00', NULL, 103),
(1007, 'CARHUACALLANGA', '2018-01-01 00:00:00', NULL, 103),
(1008, 'CHACAPAMPA', '2018-01-01 00:00:00', NULL, 103),
(1009, 'CHICCHE', '2018-01-01 00:00:00', NULL, 103),
(1010, 'CHILCA', '2018-01-01 00:00:00', NULL, 103),
(1011, 'CHONGOS ALTO', '2018-01-01 00:00:00', NULL, 103),
(1012, 'CHUPURO', '2018-01-01 00:00:00', NULL, 103),
(1013, 'COLCA', '2018-01-01 00:00:00', NULL, 103),
(1014, 'CULLHUAS', '2018-01-01 00:00:00', NULL, 103),
(1015, 'EL TAMBO', '2018-01-01 00:00:00', NULL, 103),
(1016, 'HUACRAPUQUIO', '2018-01-01 00:00:00', NULL, 103),
(1017, 'HUALHUAS', '2018-01-01 00:00:00', NULL, 103),
(1018, 'HUANCAN', '2018-01-01 00:00:00', NULL, 103),
(1019, 'HUASICANCHA', '2018-01-01 00:00:00', NULL, 103),
(1020, 'HUAYUCACHI', '2018-01-01 00:00:00', NULL, 103),
(1021, 'INGENIO', '2018-01-01 00:00:00', NULL, 103),
(1022, 'PARIAHUANCA', '2018-01-01 00:00:00', NULL, 103),
(1023, 'PILCOMAYO', '2018-01-01 00:00:00', NULL, 103),
(1024, 'PUCARA', '2018-01-01 00:00:00', NULL, 103),
(1025, 'QUICHUAY', '2018-01-01 00:00:00', NULL, 103),
(1026, 'QUILCAS', '2018-01-01 00:00:00', NULL, 103),
(1027, 'SAN AGUSTIN', '2018-01-01 00:00:00', NULL, 103),
(1028, 'SAN JERONIMO DE TUNAN', '2018-01-01 00:00:00', NULL, 103),
(1029, 'SAÑO', '2018-01-01 00:00:00', NULL, 103),
(1030, 'SAPALLANGA', '2018-01-01 00:00:00', NULL, 103),
(1031, 'SICAYA', '2018-01-01 00:00:00', NULL, 103),
(1032, 'SANTO DOMINGO DE ACOBAMBA', '2018-01-01 00:00:00', NULL, 103),
(1033, 'VIQUES', '2018-01-01 00:00:00', NULL, 103),
(1034, 'CONCEPCION', '2018-01-01 00:00:00', NULL, 104),
(1035, 'ACO', '2018-01-01 00:00:00', NULL, 104),
(1036, 'ANDAMARCA', '2018-01-01 00:00:00', NULL, 104),
(1037, 'CHAMBARA', '2018-01-01 00:00:00', NULL, 104),
(1038, 'COCHAS', '2018-01-01 00:00:00', NULL, 104),
(1039, 'COMAS', '2018-01-01 00:00:00', NULL, 104),
(1040, 'HEROINAS TOLEDO', '2018-01-01 00:00:00', NULL, 104),
(1041, 'MANZANARES', '2018-01-01 00:00:00', NULL, 104),
(1042, 'MARISCAL CASTILLA', '2018-01-01 00:00:00', NULL, 104),
(1043, 'MATAHUASI', '2018-01-01 00:00:00', NULL, 104),
(1044, 'MITO', '2018-01-01 00:00:00', NULL, 104),
(1045, 'NUEVE DE JULIO', '2018-01-01 00:00:00', NULL, 104),
(1046, 'ORCOTUNA', '2018-01-01 00:00:00', NULL, 104),
(1047, 'SAN JOSE DE QUERO', '2018-01-01 00:00:00', NULL, 104),
(1048, 'SANTA ROSA DE OCOPA', '2018-01-01 00:00:00', NULL, 104),
(1049, 'CHANCHAMAYO', '2018-01-01 00:00:00', NULL, 105),
(1050, 'PERENE', '2018-01-01 00:00:00', NULL, 105),
(1051, 'PICHANAQUI', '2018-01-01 00:00:00', NULL, 105),
(1052, 'SAN LUIS DE SHUARO', '2018-01-01 00:00:00', NULL, 105),
(1053, 'SAN RAMON', '2018-01-01 00:00:00', NULL, 105),
(1054, 'VITOC', '2018-01-01 00:00:00', NULL, 105),
(1055, 'JAUJA', '2018-01-01 00:00:00', NULL, 106),
(1056, 'ACOLLA', '2018-01-01 00:00:00', NULL, 106),
(1057, 'APATA', '2018-01-01 00:00:00', NULL, 106),
(1058, 'ATAURA', '2018-01-01 00:00:00', NULL, 106),
(1059, 'CANCHAYLLO', '2018-01-01 00:00:00', NULL, 106),
(1060, 'CURICACA', '2018-01-01 00:00:00', NULL, 106),
(1061, 'EL MANTARO', '2018-01-01 00:00:00', NULL, 106),
(1062, 'HUAMALI', '2018-01-01 00:00:00', NULL, 106),
(1063, 'HUARIPAMPA', '2018-01-01 00:00:00', NULL, 106),
(1064, 'HUERTAS', '2018-01-01 00:00:00', NULL, 106),
(1065, 'JANJAILLO', '2018-01-01 00:00:00', NULL, 106),
(1066, 'JULCAN', '2018-01-01 00:00:00', NULL, 106),
(1067, 'LEONOR ORDOÑEZ', '2018-01-01 00:00:00', NULL, 106),
(1068, 'LLOCLLAPAMPA', '2018-01-01 00:00:00', NULL, 106),
(1069, 'MARCO', '2018-01-01 00:00:00', NULL, 106),
(1070, 'MASMA', '2018-01-01 00:00:00', NULL, 106),
(1071, 'MASMA CHICCHE', '2018-01-01 00:00:00', NULL, 106),
(1072, 'MOLINOS', '2018-01-01 00:00:00', NULL, 106),
(1073, 'MONOBAMBA', '2018-01-01 00:00:00', NULL, 106),
(1074, 'MUQUI', '2018-01-01 00:00:00', NULL, 106),
(1075, 'MUQUIYAUYO', '2018-01-01 00:00:00', NULL, 106),
(1076, 'PACA', '2018-01-01 00:00:00', NULL, 106),
(1077, 'PACCHA', '2018-01-01 00:00:00', NULL, 106),
(1078, 'PANCAN', '2018-01-01 00:00:00', NULL, 106),
(1079, 'PARCO', '2018-01-01 00:00:00', NULL, 106),
(1080, 'POMACANCHA', '2018-01-01 00:00:00', NULL, 106),
(1081, 'RICRAN', '2018-01-01 00:00:00', NULL, 106),
(1082, 'SAN LORENZO', '2018-01-01 00:00:00', NULL, 106),
(1083, 'SAN PEDRO DE CHUNAN', '2018-01-01 00:00:00', NULL, 106),
(1084, 'SAUSA', '2018-01-01 00:00:00', NULL, 106),
(1085, 'SINCOS', '2018-01-01 00:00:00', NULL, 106),
(1086, 'TUNAN MARCA', '2018-01-01 00:00:00', NULL, 106),
(1087, 'YAULI', '2018-01-01 00:00:00', NULL, 106),
(1088, 'YAUYOS', '2018-01-01 00:00:00', NULL, 106),
(1089, 'JUNIN', '2018-01-01 00:00:00', NULL, 107),
(1090, 'CARHUAMAYO', '2018-01-01 00:00:00', NULL, 107),
(1091, 'ONDORES', '2018-01-01 00:00:00', NULL, 107),
(1092, 'ULCUMAYO', '2018-01-01 00:00:00', NULL, 107),
(1093, 'SATIPO', '2018-01-01 00:00:00', NULL, 108),
(1094, 'COVIRIALI', '2018-01-01 00:00:00', NULL, 108),
(1095, 'LLAYLLA', '2018-01-01 00:00:00', NULL, 108),
(1096, 'MAZAMARI', '2018-01-01 00:00:00', NULL, 108),
(1097, 'PAMPA HERMOSA', '2018-01-01 00:00:00', NULL, 108),
(1098, 'PANGOA', '2018-01-01 00:00:00', NULL, 108),
(1099, 'RIO NEGRO', '2018-01-01 00:00:00', NULL, 108),
(1100, 'RIO TAMBO', '2018-01-01 00:00:00', NULL, 108),
(1101, 'TARMA', '2018-01-01 00:00:00', NULL, 109),
(1102, 'ACOBAMBA', '2018-01-01 00:00:00', NULL, 109),
(1103, 'HUARICOLCA', '2018-01-01 00:00:00', NULL, 109),
(1104, 'HUASAHUASI', '2018-01-01 00:00:00', NULL, 109),
(1105, 'LA UNION', '2018-01-01 00:00:00', NULL, 109),
(1106, 'PALCA', '2018-01-01 00:00:00', NULL, 109),
(1107, 'PALCAMAYO', '2018-01-01 00:00:00', NULL, 109),
(1108, 'SAN PEDRO DE CAJAS', '2018-01-01 00:00:00', NULL, 109),
(1109, 'TAPO', '2018-01-01 00:00:00', NULL, 109),
(1110, 'LA OROYA', '2018-01-01 00:00:00', NULL, 110),
(1111, 'CHACAPALPA', '2018-01-01 00:00:00', NULL, 110),
(1112, 'HUAY-HUAY', '2018-01-01 00:00:00', NULL, 110),
(1113, 'MARCAPOMACOCHA', '2018-01-01 00:00:00', NULL, 110),
(1114, 'MOROCOCHA', '2018-01-01 00:00:00', NULL, 110),
(1115, 'PACCHA', '2018-01-01 00:00:00', NULL, 110),
(1116, 'SANTA BARBARA DE CARHUACAYAN', '2018-01-01 00:00:00', NULL, 110),
(1117, 'SANTA ROSA DE SACCO', '2018-01-01 00:00:00', NULL, 110),
(1118, 'SUITUCANCHA', '2018-01-01 00:00:00', NULL, 110),
(1119, 'YAULI', '2018-01-01 00:00:00', NULL, 110),
(1120, 'CHUPACA', '2018-01-01 00:00:00', NULL, 111),
(1121, 'AHUAC', '2018-01-01 00:00:00', NULL, 111),
(1122, 'CHONGOS BAJO', '2018-01-01 00:00:00', NULL, 111),
(1123, 'HUACHAC', '2018-01-01 00:00:00', NULL, 111),
(1124, 'HUAMANCACA CHICO', '2018-01-01 00:00:00', NULL, 111),
(1125, 'SAN JUAN DE ISCOS', '2018-01-01 00:00:00', NULL, 111),
(1126, 'SAN JUAN DE JARPA', '2018-01-01 00:00:00', NULL, 111),
(1127, 'TRES DE DICIEMBRE', '2018-01-01 00:00:00', NULL, 111),
(1128, 'YANACANCHA', '2018-01-01 00:00:00', NULL, 111),
(1129, 'TRUJILLO', '2018-01-01 00:00:00', NULL, 112),
(1130, 'EL PORVENIR', '2018-01-01 00:00:00', NULL, 112),
(1131, 'FLORENCIA DE MORA', '2018-01-01 00:00:00', NULL, 112),
(1132, 'HUANCHACO', '2018-01-01 00:00:00', NULL, 112),
(1133, 'LA ESPERANZA', '2018-01-01 00:00:00', NULL, 112),
(1134, 'LAREDO', '2018-01-01 00:00:00', NULL, 112),
(1135, 'MOCHE', '2018-01-01 00:00:00', NULL, 112),
(1136, 'POROTO', '2018-01-01 00:00:00', NULL, 112),
(1137, 'SALAVERRY', '2018-01-01 00:00:00', NULL, 112),
(1138, 'SIMBAL', '2018-01-01 00:00:00', NULL, 112),
(1139, 'VICTOR LARCO HERRERA', '2018-01-01 00:00:00', NULL, 112),
(1140, 'ASCOPE', '2018-01-01 00:00:00', NULL, 113),
(1141, 'CHICAMA', '2018-01-01 00:00:00', NULL, 113),
(1142, 'CHOCOPE', '2018-01-01 00:00:00', NULL, 113),
(1143, 'MAGDALENA DE CAO', '2018-01-01 00:00:00', NULL, 113),
(1144, 'PAIJAN', '2018-01-01 00:00:00', NULL, 113),
(1145, 'RAZURI', '2018-01-01 00:00:00', NULL, 113),
(1146, 'SANTIAGO DE CAO', '2018-01-01 00:00:00', NULL, 113),
(1147, 'CASA GRANDE', '2018-01-01 00:00:00', NULL, 113),
(1148, 'BOLIVAR', '2018-01-01 00:00:00', NULL, 114),
(1149, 'BAMBAMARCA', '2018-01-01 00:00:00', NULL, 114),
(1150, 'CONDORMARCA', '2018-01-01 00:00:00', NULL, 114),
(1151, 'LONGOTEA', '2018-01-01 00:00:00', NULL, 114),
(1152, 'UCHUMARCA', '2018-01-01 00:00:00', NULL, 114),
(1153, 'UCUNCHA', '2018-01-01 00:00:00', NULL, 114),
(1154, 'CHEPEN', '2018-01-01 00:00:00', NULL, 115),
(1155, 'PACANGA', '2018-01-01 00:00:00', NULL, 115),
(1156, 'PUEBLO NUEVO', '2018-01-01 00:00:00', NULL, 115),
(1157, 'JULCAN', '2018-01-01 00:00:00', NULL, 116),
(1158, 'CALAMARCA', '2018-01-01 00:00:00', NULL, 116),
(1159, 'CARABAMBA', '2018-01-01 00:00:00', NULL, 116),
(1160, 'HUASO', '2018-01-01 00:00:00', NULL, 116),
(1161, 'OTUZCO', '2018-01-01 00:00:00', NULL, 117),
(1162, 'AGALLPAMPA', '2018-01-01 00:00:00', NULL, 117),
(1163, 'CHARAT', '2018-01-01 00:00:00', NULL, 117),
(1164, 'HUARANCHAL', '2018-01-01 00:00:00', NULL, 117),
(1165, 'LA CUESTA', '2018-01-01 00:00:00', NULL, 117),
(1166, 'MACHE', '2018-01-01 00:00:00', NULL, 117),
(1167, 'PARANDAY', '2018-01-01 00:00:00', NULL, 117),
(1168, 'SALPO', '2018-01-01 00:00:00', NULL, 117),
(1169, 'SINSICAP', '2018-01-01 00:00:00', NULL, 117),
(1170, 'USQUIL', '2018-01-01 00:00:00', NULL, 117),
(1171, 'SAN PEDRO DE LLOC', '2018-01-01 00:00:00', NULL, 118),
(1172, 'GUADALUPE', '2018-01-01 00:00:00', NULL, 118),
(1173, 'JEQUETEPEQUE', '2018-01-01 00:00:00', NULL, 118),
(1174, 'PACASMAYO', '2018-01-01 00:00:00', NULL, 118),
(1175, 'SAN JOSE', '2018-01-01 00:00:00', NULL, 118),
(1176, 'TAYABAMBA', '2018-01-01 00:00:00', NULL, 119),
(1177, 'BULDIBUYO', '2018-01-01 00:00:00', NULL, 119),
(1178, 'CHILLIA', '2018-01-01 00:00:00', NULL, 119),
(1179, 'HUANCASPATA', '2018-01-01 00:00:00', NULL, 119),
(1180, 'HUAYLILLAS', '2018-01-01 00:00:00', NULL, 119),
(1181, 'HUAYO', '2018-01-01 00:00:00', NULL, 119),
(1182, 'ONGON', '2018-01-01 00:00:00', NULL, 119),
(1183, 'PARCOY', '2018-01-01 00:00:00', NULL, 119),
(1184, 'PATAZ', '2018-01-01 00:00:00', NULL, 119),
(1185, 'PIAS', '2018-01-01 00:00:00', NULL, 119),
(1186, 'SANTIAGO DE CHALLAS', '2018-01-01 00:00:00', NULL, 119),
(1187, 'TAURIJA', '2018-01-01 00:00:00', NULL, 119),
(1188, 'URPAY', '2018-01-01 00:00:00', NULL, 119),
(1189, 'HUAMACHUCO', '2018-01-01 00:00:00', NULL, 120),
(1190, 'CHUGAY', '2018-01-01 00:00:00', NULL, 120),
(1191, 'COCHORCO', '2018-01-01 00:00:00', NULL, 120),
(1192, 'CURGOS', '2018-01-01 00:00:00', NULL, 120),
(1193, 'MARCABAL', '2018-01-01 00:00:00', NULL, 120),
(1194, 'SANAGORAN', '2018-01-01 00:00:00', NULL, 120),
(1195, 'SARIN', '2018-01-01 00:00:00', NULL, 120),
(1196, 'SARTIMBAMBA', '2018-01-01 00:00:00', NULL, 120),
(1197, 'SANTIAGO DE CHUCO', '2018-01-01 00:00:00', NULL, 121),
(1198, 'ANGASMARCA', '2018-01-01 00:00:00', NULL, 121),
(1199, 'CACHICADAN', '2018-01-01 00:00:00', NULL, 121),
(1200, 'MOLLEBAMBA', '2018-01-01 00:00:00', NULL, 121),
(1201, 'MOLLEPATA', '2018-01-01 00:00:00', NULL, 121),
(1202, 'QUIRUVILCA', '2018-01-01 00:00:00', NULL, 121),
(1203, 'SANTA CRUZ DE CHUCA', '2018-01-01 00:00:00', NULL, 121),
(1204, 'SITABAMBA', '2018-01-01 00:00:00', NULL, 121),
(1205, 'GRAN CHIMU', '2018-01-01 00:00:00', NULL, 122),
(1206, 'CASCAS', '2018-01-01 00:00:00', NULL, 122),
(1207, 'LUCMA', '2018-01-01 00:00:00', NULL, 122),
(1208, 'MARMOT', '2018-01-01 00:00:00', NULL, 122),
(1209, 'SAYAPULLO', '2018-01-01 00:00:00', NULL, 122),
(1210, 'VIRU', '2018-01-01 00:00:00', NULL, 123),
(1211, 'CHAO', '2018-01-01 00:00:00', NULL, 123),
(1212, 'GUADALUPITO', '2018-01-01 00:00:00', NULL, 123),
(1213, 'CHICLAYO', '2018-01-01 00:00:00', NULL, 124),
(1214, 'CHONGOYAPE', '2018-01-01 00:00:00', NULL, 124),
(1215, 'ETEN', '2018-01-01 00:00:00', NULL, 124),
(1216, 'ETEN PUERTO', '2018-01-01 00:00:00', NULL, 124),
(1217, 'JOSE LEONARDO ORTIZ', '2018-01-01 00:00:00', NULL, 124),
(1218, 'LA VICTORIA', '2018-01-01 00:00:00', NULL, 124),
(1219, 'LAGUNAS', '2018-01-01 00:00:00', NULL, 124),
(1220, 'MONSEFU', '2018-01-01 00:00:00', NULL, 124),
(1221, 'NUEVA ARICA', '2018-01-01 00:00:00', NULL, 124),
(1222, 'OYOTUN', '2018-01-01 00:00:00', NULL, 124),
(1223, 'PICSI', '2018-01-01 00:00:00', NULL, 124),
(1224, 'PIMENTEL', '2018-01-01 00:00:00', NULL, 124),
(1225, 'REQUE', '2018-01-01 00:00:00', NULL, 124),
(1226, 'SANTA ROSA', '2018-01-01 00:00:00', NULL, 124),
(1227, 'SAÑA', '2018-01-01 00:00:00', NULL, 124),
(1228, 'CAYALTI', '2018-01-01 00:00:00', NULL, 124),
(1229, 'PATAPO', '2018-01-01 00:00:00', NULL, 124),
(1230, 'POMALCA', '2018-01-01 00:00:00', NULL, 124),
(1231, 'PUCALA', '2018-01-01 00:00:00', NULL, 124),
(1232, 'TUMAN', '2018-01-01 00:00:00', NULL, 124),
(1233, 'FERREÑAFE', '2018-01-01 00:00:00', NULL, 125),
(1234, 'CAÑARIS', '2018-01-01 00:00:00', NULL, 125),
(1235, 'INCAHUASI', '2018-01-01 00:00:00', NULL, 125),
(1236, 'MANUEL ANTONIO MESONES MURO', '2018-01-01 00:00:00', NULL, 125),
(1237, 'PITIPO', '2018-01-01 00:00:00', NULL, 125),
(1238, 'PUEBLO NUEVO', '2018-01-01 00:00:00', NULL, 125),
(1239, 'LAMBAYEQUE', '2018-01-01 00:00:00', NULL, 126),
(1240, 'CHOCHOPE', '2018-01-01 00:00:00', NULL, 126),
(1241, 'ILLIMO', '2018-01-01 00:00:00', NULL, 126),
(1242, 'JAYANCA', '2018-01-01 00:00:00', NULL, 126),
(1243, 'MOCHUMI', '2018-01-01 00:00:00', NULL, 126),
(1244, 'MORROPE', '2018-01-01 00:00:00', NULL, 126),
(1245, 'MOTUPE', '2018-01-01 00:00:00', NULL, 126),
(1246, 'OLMOS', '2018-01-01 00:00:00', NULL, 126),
(1247, 'PACORA', '2018-01-01 00:00:00', NULL, 126),
(1248, 'SALAS', '2018-01-01 00:00:00', NULL, 126),
(1249, 'SAN JOSE', '2018-01-01 00:00:00', NULL, 126),
(1250, 'TUCUME', '2018-01-01 00:00:00', NULL, 126),
(1251, 'LIMA', '2018-01-01 00:00:00', NULL, 127),
(1252, 'ANCON', '2018-01-01 00:00:00', NULL, 127),
(1253, 'ATE', '2018-01-01 00:00:00', NULL, 127),
(1254, 'BARRANCO', '2018-01-01 00:00:00', NULL, 127),
(1255, 'BREÑA', '2018-01-01 00:00:00', NULL, 127),
(1256, 'CARABAYLLO', '2018-01-01 00:00:00', NULL, 127),
(1257, 'CHACLACAYO', '2018-01-01 00:00:00', NULL, 127),
(1258, 'CHORRILLOS', '2018-01-01 00:00:00', NULL, 127),
(1259, 'CIENEGUILLA', '2018-01-01 00:00:00', NULL, 127),
(1260, 'COMAS', '2018-01-01 00:00:00', NULL, 127),
(1261, 'EL AGUSTINO', '2018-01-01 00:00:00', NULL, 127),
(1262, 'INDEPENDENCIA', '2018-01-01 00:00:00', NULL, 127),
(1263, 'JESUS MARIA', '2018-01-01 00:00:00', NULL, 127),
(1264, 'LA MOLINA', '2018-01-01 00:00:00', NULL, 127),
(1265, 'LA VICTORIA', '2018-01-01 00:00:00', NULL, 127),
(1266, 'LINCE', '2018-01-01 00:00:00', NULL, 127),
(1267, 'LOS OLIVOS', '2018-01-01 00:00:00', NULL, 127),
(1268, 'LURIGANCHO', '2018-01-01 00:00:00', NULL, 127),
(1269, 'LURIN', '2018-01-01 00:00:00', NULL, 127),
(1270, 'MAGDALENA DEL MAR', '2018-01-01 00:00:00', NULL, 127),
(1271, 'MAGDALENA VIEJA', '2018-01-01 00:00:00', NULL, 127),
(1272, 'MIRAFLORES', '2018-01-01 00:00:00', NULL, 127),
(1273, 'PACHACAMAC', '2018-01-01 00:00:00', NULL, 127),
(1274, 'PUCUSANA', '2018-01-01 00:00:00', NULL, 127),
(1275, 'PUENTE PIEDRA', '2018-01-01 00:00:00', NULL, 127),
(1276, 'PUNTA HERMOSA', '2018-01-01 00:00:00', NULL, 127),
(1277, 'PUNTA NEGRA', '2018-01-01 00:00:00', NULL, 127),
(1278, 'RIMAC', '2018-01-01 00:00:00', NULL, 127),
(1279, 'SAN BARTOLO', '2018-01-01 00:00:00', NULL, 127),
(1280, 'SAN BORJA', '2018-01-01 00:00:00', NULL, 127),
(1281, 'SAN ISIDRO', '2018-01-01 00:00:00', NULL, 127),
(1282, 'SAN JUAN DE LURIGANCHO', '2018-01-01 00:00:00', NULL, 127),
(1283, 'SAN JUAN DE MIRAFLORES', '2018-01-01 00:00:00', NULL, 127),
(1284, 'SAN LUIS', '2018-01-01 00:00:00', NULL, 127),
(1285, 'SAN MARTIN DE PORRES', '2018-01-01 00:00:00', NULL, 127),
(1286, 'SAN MIGUEL', '2018-01-01 00:00:00', NULL, 127),
(1287, 'SANTA ANITA', '2018-01-01 00:00:00', NULL, 127),
(1288, 'SANTA MARIA DEL MAR', '2018-01-01 00:00:00', NULL, 127),
(1289, 'SANTA ROSA', '2018-01-01 00:00:00', NULL, 127),
(1290, 'SANTIAGO DE SURCO', '2018-01-01 00:00:00', NULL, 127),
(1291, 'SURQUILLO', '2018-01-01 00:00:00', NULL, 127),
(1292, 'VILLA EL SALVADOR', '2018-01-01 00:00:00', NULL, 127),
(1293, 'VILLA MARIA DEL TRIUNFO', '2018-01-01 00:00:00', NULL, 127),
(1294, 'BARRANCA', '2018-01-01 00:00:00', NULL, 128),
(1295, 'PARAMONGA', '2018-01-01 00:00:00', NULL, 128),
(1296, 'PATIVILCA', '2018-01-01 00:00:00', NULL, 128),
(1297, 'SUPE', '2018-01-01 00:00:00', NULL, 128),
(1298, 'SUPE PUERTO', '2018-01-01 00:00:00', NULL, 128),
(1299, 'CAJATAMBO', '2018-01-01 00:00:00', NULL, 129),
(1300, 'COPA', '2018-01-01 00:00:00', NULL, 129),
(1301, 'GORGOR', '2018-01-01 00:00:00', NULL, 129),
(1302, 'HUANCAPON', '2018-01-01 00:00:00', NULL, 129),
(1303, 'MANAS', '2018-01-01 00:00:00', NULL, 129),
(1304, 'CANTA', '2018-01-01 00:00:00', NULL, 130),
(1305, 'ARAHUAY', '2018-01-01 00:00:00', NULL, 130),
(1306, 'HUAMANTANGA', '2018-01-01 00:00:00', NULL, 130),
(1307, 'HUAROS', '2018-01-01 00:00:00', NULL, 130),
(1308, 'LACHAQUI', '2018-01-01 00:00:00', NULL, 130),
(1309, 'SAN BUENAVENTURA', '2018-01-01 00:00:00', NULL, 130),
(1310, 'SANTA ROSA DE QUIVES', '2018-01-01 00:00:00', NULL, 130),
(1311, 'SAN VICENTE DE CAÑETE', '2018-01-01 00:00:00', NULL, 131),
(1312, 'ASIA', '2018-01-01 00:00:00', NULL, 131),
(1313, 'CALANGO', '2018-01-01 00:00:00', NULL, 131),
(1314, 'CERRO AZUL', '2018-01-01 00:00:00', NULL, 131),
(1315, 'CHILCA', '2018-01-01 00:00:00', NULL, 131),
(1316, 'COAYLLO', '2018-01-01 00:00:00', NULL, 131),
(1317, 'IMPERIAL', '2018-01-01 00:00:00', NULL, 131),
(1318, 'LUNAHUANA', '2018-01-01 00:00:00', NULL, 131),
(1319, 'MALA', '2018-01-01 00:00:00', NULL, 131),
(1320, 'NUEVO IMPERIAL', '2018-01-01 00:00:00', NULL, 131),
(1321, 'PACARAN', '2018-01-01 00:00:00', NULL, 131),
(1322, 'QUILMANA', '2018-01-01 00:00:00', NULL, 131),
(1323, 'SAN ANTONIO', '2018-01-01 00:00:00', NULL, 131),
(1324, 'SAN LUIS', '2018-01-01 00:00:00', NULL, 131),
(1325, 'SANTA CRUZ DE FLORES', '2018-01-01 00:00:00', NULL, 131),
(1326, 'ZUÑIGA', '2018-01-01 00:00:00', NULL, 131),
(1327, 'HUARAL', '2018-01-01 00:00:00', NULL, 132),
(1328, 'ATAVILLOS ALTO', '2018-01-01 00:00:00', NULL, 132),
(1329, 'ATAVILLOS BAJO', '2018-01-01 00:00:00', NULL, 132),
(1330, 'AUCALLAMA', '2018-01-01 00:00:00', NULL, 132),
(1331, 'CHANCAY', '2018-01-01 00:00:00', NULL, 132),
(1332, 'IHUARI', '2018-01-01 00:00:00', NULL, 132),
(1333, 'LAMPIAN', '2018-01-01 00:00:00', NULL, 132),
(1334, 'PACARAOS', '2018-01-01 00:00:00', NULL, 132),
(1335, 'SAN MIGUEL DE ACOS', '2018-01-01 00:00:00', NULL, 132),
(1336, 'SANTA CRUZ DE ANDAMARCA', '2018-01-01 00:00:00', NULL, 132),
(1337, 'SUMBILCA', '2018-01-01 00:00:00', NULL, 132),
(1338, 'VEINTISIETE DE NOVIEMBRE', '2018-01-01 00:00:00', NULL, 132),
(1339, 'MATUCANA', '2018-01-01 00:00:00', NULL, 133),
(1340, 'ANTIOQUIA', '2018-01-01 00:00:00', NULL, 133),
(1341, 'CALLAHUANCA', '2018-01-01 00:00:00', NULL, 133),
(1342, 'CARAMPOMA', '2018-01-01 00:00:00', NULL, 133),
(1343, 'CHICLA', '2018-01-01 00:00:00', NULL, 133),
(1344, 'CUENCA', '2018-01-01 00:00:00', NULL, 133),
(1345, 'HUACHUPAMPA', '2018-01-01 00:00:00', NULL, 133),
(1346, 'HUANZA', '2018-01-01 00:00:00', NULL, 133),
(1347, 'HUAROCHIRI', '2018-01-01 00:00:00', NULL, 133),
(1348, 'LAHUAYTAMBO', '2018-01-01 00:00:00', NULL, 133),
(1349, 'LANGA', '2018-01-01 00:00:00', NULL, 133),
(1350, 'LARAOS', '2018-01-01 00:00:00', NULL, 133),
(1351, 'MARIATANA', '2018-01-01 00:00:00', NULL, 133),
(1352, 'RICARDO PALMA', '2018-01-01 00:00:00', NULL, 133),
(1353, 'SAN ANDRES DE TUPICOCHA', '2018-01-01 00:00:00', NULL, 133),
(1354, 'SAN ANTONIO', '2018-01-01 00:00:00', NULL, 133),
(1355, 'SAN BARTOLOME', '2018-01-01 00:00:00', NULL, 133),
(1356, 'SAN DAMIAN', '2018-01-01 00:00:00', NULL, 133),
(1357, 'SAN JUAN DE IRIS', '2018-01-01 00:00:00', NULL, 133),
(1358, 'SAN JUAN DE TANTARANCHE', '2018-01-01 00:00:00', NULL, 133),
(1359, 'SAN LORENZO DE QUINTI', '2018-01-01 00:00:00', NULL, 133),
(1360, 'SAN MATEO', '2018-01-01 00:00:00', NULL, 133),
(1361, 'SAN MATEO DE OTAO', '2018-01-01 00:00:00', NULL, 133),
(1362, 'SAN PEDRO DE CASTA', '2018-01-01 00:00:00', NULL, 133),
(1363, 'SAN PEDRO DE HUANCAYRE', '2018-01-01 00:00:00', NULL, 133),
(1364, 'SANGALLAYA', '2018-01-01 00:00:00', NULL, 133),
(1365, 'SANTA CRUZ DE COCACHACRA', '2018-01-01 00:00:00', NULL, 133),
(1366, 'SANTA EULALIA', '2018-01-01 00:00:00', NULL, 133),
(1367, 'SANTIAGO DE ANCHUCAYA', '2018-01-01 00:00:00', NULL, 133),
(1368, 'SANTIAGO DE TUNA', '2018-01-01 00:00:00', NULL, 133),
(1369, 'SANTO DOMINGO DE LOS OLLEROS', '2018-01-01 00:00:00', NULL, 133),
(1370, 'SURCO', '2018-01-01 00:00:00', NULL, 133),
(1371, 'HUACHO', '2018-01-01 00:00:00', NULL, 134),
(1372, 'AMBAR', '2018-01-01 00:00:00', NULL, 134),
(1373, 'CALETA DE CARQUIN', '2018-01-01 00:00:00', NULL, 134),
(1374, 'CHECRAS', '2018-01-01 00:00:00', NULL, 134),
(1375, 'HUALMAY', '2018-01-01 00:00:00', NULL, 134),
(1376, 'HUAURA', '2018-01-01 00:00:00', NULL, 134),
(1377, 'LEONCIO PRADO', '2018-01-01 00:00:00', NULL, 134),
(1378, 'PACCHO', '2018-01-01 00:00:00', NULL, 134),
(1379, 'SANTA LEONOR', '2018-01-01 00:00:00', NULL, 134),
(1380, 'SANTA MARIA', '2018-01-01 00:00:00', NULL, 134),
(1381, 'SAYAN', '2018-01-01 00:00:00', NULL, 134),
(1382, 'VEGUETA', '2018-01-01 00:00:00', NULL, 134),
(1383, 'OYON', '2018-01-01 00:00:00', NULL, 135),
(1384, 'ANDAJES', '2018-01-01 00:00:00', NULL, 135),
(1385, 'CAUJUL', '2018-01-01 00:00:00', NULL, 135),
(1386, 'COCHAMARCA', '2018-01-01 00:00:00', NULL, 135),
(1387, 'NAVAN', '2018-01-01 00:00:00', NULL, 135),
(1388, 'PACHANGARA', '2018-01-01 00:00:00', NULL, 135),
(1389, 'YAUYOS', '2018-01-01 00:00:00', NULL, 136),
(1390, 'ALIS', '2018-01-01 00:00:00', NULL, 136),
(1391, 'AYAUCA', '2018-01-01 00:00:00', NULL, 136),
(1392, 'AYAVIRI', '2018-01-01 00:00:00', NULL, 136),
(1393, 'AZANGARO', '2018-01-01 00:00:00', NULL, 136),
(1394, 'CACRA', '2018-01-01 00:00:00', NULL, 136),
(1395, 'CARANIA', '2018-01-01 00:00:00', NULL, 136),
(1396, 'CATAHUASI', '2018-01-01 00:00:00', NULL, 136),
(1397, 'CHOCOS', '2018-01-01 00:00:00', NULL, 136),
(1398, 'COCHAS', '2018-01-01 00:00:00', NULL, 136),
(1399, 'COLONIA', '2018-01-01 00:00:00', NULL, 136),
(1400, 'HONGOS', '2018-01-01 00:00:00', NULL, 136),
(1401, 'HUAMPARA', '2018-01-01 00:00:00', NULL, 136),
(1402, 'HUANCAYA', '2018-01-01 00:00:00', NULL, 136),
(1403, 'HUANGASCAR', '2018-01-01 00:00:00', NULL, 136),
(1404, 'HUANTAN', '2018-01-01 00:00:00', NULL, 136),
(1405, 'HUAÑEC', '2018-01-01 00:00:00', NULL, 136),
(1406, 'LARAOS', '2018-01-01 00:00:00', NULL, 136),
(1407, 'LINCHA', '2018-01-01 00:00:00', NULL, 136),
(1408, 'MADEAN', '2018-01-01 00:00:00', NULL, 136),
(1409, 'MIRAFLORES', '2018-01-01 00:00:00', NULL, 136),
(1410, 'OMAS', '2018-01-01 00:00:00', NULL, 136),
(1411, 'PUTINZA', '2018-01-01 00:00:00', NULL, 136),
(1412, 'QUINCHES', '2018-01-01 00:00:00', NULL, 136),
(1413, 'QUINOCAY', '2018-01-01 00:00:00', NULL, 136),
(1414, 'SAN JOAQUIN', '2018-01-01 00:00:00', NULL, 136),
(1415, 'SAN PEDRO DE PILAS', '2018-01-01 00:00:00', NULL, 136),
(1416, 'TANTA', '2018-01-01 00:00:00', NULL, 136),
(1417, 'TAURIPAMPA', '2018-01-01 00:00:00', NULL, 136),
(1418, 'TOMAS', '2018-01-01 00:00:00', NULL, 136),
(1419, 'TUPE', '2018-01-01 00:00:00', NULL, 136),
(1420, 'VIÑAC', '2018-01-01 00:00:00', NULL, 136),
(1421, 'VITIS', '2018-01-01 00:00:00', NULL, 136),
(1422, 'IQUITOS', '2018-01-01 00:00:00', NULL, 137),
(1423, 'ALTO NANAY', '2018-01-01 00:00:00', NULL, 137),
(1424, 'FERNANDO LORES', '2018-01-01 00:00:00', NULL, 137),
(1425, 'INDIANA', '2018-01-01 00:00:00', NULL, 137),
(1426, 'LAS AMAZONAS', '2018-01-01 00:00:00', NULL, 137),
(1427, 'MAZAN', '2018-01-01 00:00:00', NULL, 137),
(1428, 'NAPO', '2018-01-01 00:00:00', NULL, 137),
(1429, 'PUNCHANA', '2018-01-01 00:00:00', NULL, 137),
(1430, 'PUTUMAYO', '2018-01-01 00:00:00', NULL, 137),
(1431, 'TORRES CAUSANA', '2018-01-01 00:00:00', NULL, 137),
(1432, 'BELEN', '2018-01-01 00:00:00', NULL, 137),
(1433, 'SAN JUAN BAUTISTA', '2018-01-01 00:00:00', NULL, 137),
(1434, 'YURIMAGUAS', '2018-01-01 00:00:00', NULL, 138),
(1435, 'BALSAPUERTO', '2018-01-01 00:00:00', NULL, 138),
(1436, 'BARRANCA', '2018-01-01 00:00:00', NULL, 138),
(1437, 'CAHUAPANAS', '2018-01-01 00:00:00', NULL, 138),
(1438, 'JEBEROS', '2018-01-01 00:00:00', NULL, 138),
(1439, 'LAGUNAS', '2018-01-01 00:00:00', NULL, 138),
(1440, 'MANSERICHE', '2018-01-01 00:00:00', NULL, 138),
(1441, 'MORONA', '2018-01-01 00:00:00', NULL, 138),
(1442, 'PASTAZA', '2018-01-01 00:00:00', NULL, 138),
(1443, 'SANTA CRUZ', '2018-01-01 00:00:00', NULL, 138),
(1444, 'TENIENTE CESAR LOPEZ ROJAS', '2018-01-01 00:00:00', NULL, 138),
(1445, 'NAUTA', '2018-01-01 00:00:00', NULL, 139),
(1446, 'PARINARI', '2018-01-01 00:00:00', NULL, 139),
(1447, 'TIGRE', '2018-01-01 00:00:00', NULL, 139),
(1448, 'TROMPETEROS', '2018-01-01 00:00:00', NULL, 139),
(1449, 'URARINAS', '2018-01-01 00:00:00', NULL, 139),
(1450, 'RAMON CASTILLA', '2018-01-01 00:00:00', NULL, 140),
(1451, 'PEBAS', '2018-01-01 00:00:00', NULL, 140),
(1452, 'YAVARI', '2018-01-01 00:00:00', NULL, 140),
(1453, 'SAN PABLO', '2018-01-01 00:00:00', NULL, 140),
(1454, 'REQUENA', '2018-01-01 00:00:00', NULL, 141),
(1455, 'ALTO TAPICHE', '2018-01-01 00:00:00', NULL, 141),
(1456, 'CAPELO', '2018-01-01 00:00:00', NULL, 141),
(1457, 'EMILIO SAN MARTIN', '2018-01-01 00:00:00', NULL, 141),
(1458, 'MAQUIA', '2018-01-01 00:00:00', NULL, 141),
(1459, 'PUINAHUA', '2018-01-01 00:00:00', NULL, 141),
(1460, 'SAQUENA', '2018-01-01 00:00:00', NULL, 141),
(1461, 'SOPLIN', '2018-01-01 00:00:00', NULL, 141),
(1462, 'TAPICHE', '2018-01-01 00:00:00', NULL, 141),
(1463, 'JENARO HERRERA', '2018-01-01 00:00:00', NULL, 141),
(1464, 'YAQUERANA', '2018-01-01 00:00:00', NULL, 141),
(1465, 'CONTAMANA', '2018-01-01 00:00:00', NULL, 142),
(1466, 'INAHUAYA', '2018-01-01 00:00:00', NULL, 142),
(1467, 'PADRE MARQUEZ', '2018-01-01 00:00:00', NULL, 142),
(1468, 'PAMPA HERMOSA', '2018-01-01 00:00:00', NULL, 142),
(1469, 'SARAYACU', '2018-01-01 00:00:00', NULL, 142),
(1470, 'VARGAS GUERRA', '2018-01-01 00:00:00', NULL, 142),
(1471, 'TAMBOPATA', '2018-01-01 00:00:00', NULL, 143),
(1472, 'INAMBARI', '2018-01-01 00:00:00', NULL, 143),
(1473, 'LAS PIEDRAS', '2018-01-01 00:00:00', NULL, 143),
(1474, 'LABERINTO', '2018-01-01 00:00:00', NULL, 143),
(1475, 'MANU', '2018-01-01 00:00:00', NULL, 144),
(1476, 'FITZCARRALD', '2018-01-01 00:00:00', NULL, 144),
(1477, 'MADRE DE DIOS', '2018-01-01 00:00:00', NULL, 144),
(1478, 'HUEPETUHE', '2018-01-01 00:00:00', NULL, 144),
(1479, 'IÑAPARI', '2018-01-01 00:00:00', NULL, 145),
(1480, 'IBERIA', '2018-01-01 00:00:00', NULL, 145),
(1481, 'TAHUAMANU', '2018-01-01 00:00:00', NULL, 145),
(1482, 'MOQUEGUA', '2018-01-01 00:00:00', NULL, 146),
(1483, 'CARUMAS', '2018-01-01 00:00:00', NULL, 146),
(1484, 'CUCHUMBAYA', '2018-01-01 00:00:00', NULL, 146),
(1485, 'SAMEGUA', '2018-01-01 00:00:00', NULL, 146),
(1486, 'SAN CRISTOBAL', '2018-01-01 00:00:00', NULL, 146),
(1487, 'TORATA', '2018-01-01 00:00:00', NULL, 146),
(1488, 'OMATE', '2018-01-01 00:00:00', NULL, 147),
(1489, 'CHOJATA', '2018-01-01 00:00:00', NULL, 147),
(1490, 'COALAQUE', '2018-01-01 00:00:00', NULL, 147),
(1491, 'ICHUÑA', '2018-01-01 00:00:00', NULL, 147),
(1492, 'LA CAPILLA', '2018-01-01 00:00:00', NULL, 147),
(1493, 'LLOQUE', '2018-01-01 00:00:00', NULL, 147),
(1494, 'MATALAQUE', '2018-01-01 00:00:00', NULL, 147),
(1495, 'PUQUINA', '2018-01-01 00:00:00', NULL, 147),
(1496, 'QUINISTAQUILLAS', '2018-01-01 00:00:00', NULL, 147),
(1497, 'UBINAS', '2018-01-01 00:00:00', NULL, 147),
(1498, 'YUNGA', '2018-01-01 00:00:00', NULL, 147),
(1499, 'ILO', '2018-01-01 00:00:00', NULL, 148),
(1500, 'EL ALGARROBAL', '2018-01-01 00:00:00', NULL, 148),
(1501, 'PACOCHA', '2018-01-01 00:00:00', NULL, 148),
(1502, 'CHAUPIMARCA', '2018-01-01 00:00:00', NULL, 149),
(1503, 'HUACHON', '2018-01-01 00:00:00', NULL, 149),
(1504, 'HUARIACA', '2018-01-01 00:00:00', NULL, 149),
(1505, 'HUAYLLAY', '2018-01-01 00:00:00', NULL, 149),
(1506, 'NINACACA', '2018-01-01 00:00:00', NULL, 149),
(1507, 'PALLANCHACRA', '2018-01-01 00:00:00', NULL, 149),
(1508, 'PAUCARTAMBO', '2018-01-01 00:00:00', NULL, 149),
(1509, 'SAN FCO.DE ASIS DE YARUSYACAN', '2018-01-01 00:00:00', NULL, 149),
(1510, 'SIMON BOLIVAR', '2018-01-01 00:00:00', NULL, 149),
(1511, 'TICLACAYAN', '2018-01-01 00:00:00', NULL, 149),
(1512, 'TINYAHUARCO', '2018-01-01 00:00:00', NULL, 149),
(1513, 'VICCO', '2018-01-01 00:00:00', NULL, 149),
(1514, 'YANACANCHA', '2018-01-01 00:00:00', NULL, 149),
(1515, 'YANAHUANCA', '2018-01-01 00:00:00', NULL, 150),
(1516, 'CHACAYAN', '2018-01-01 00:00:00', NULL, 150),
(1517, 'GOYLLARISQUIZGA', '2018-01-01 00:00:00', NULL, 150),
(1518, 'PAUCAR', '2018-01-01 00:00:00', NULL, 150),
(1519, 'SAN PEDRO DE PILLAO', '2018-01-01 00:00:00', NULL, 150),
(1520, 'SANTA ANA DE TUSI', '2018-01-01 00:00:00', NULL, 150),
(1521, 'TAPUC', '2018-01-01 00:00:00', NULL, 150),
(1522, 'VILCABAMBA', '2018-01-01 00:00:00', NULL, 150),
(1523, 'OXAPAMPA', '2018-01-01 00:00:00', NULL, 151),
(1524, 'CHONTABAMBA', '2018-01-01 00:00:00', NULL, 151),
(1525, 'HUANCABAMBA', '2018-01-01 00:00:00', NULL, 151),
(1526, 'PALCAZU', '2018-01-01 00:00:00', NULL, 151),
(1527, 'POZUZO', '2018-01-01 00:00:00', NULL, 151),
(1528, 'PUERTO BERMUDEZ', '2018-01-01 00:00:00', NULL, 151),
(1529, 'VILLA RICA', '2018-01-01 00:00:00', NULL, 151),
(1530, 'PIURA', '2018-01-01 00:00:00', NULL, 152),
(1531, 'CASTILLA', '2018-01-01 00:00:00', NULL, 152),
(1532, 'CATACAOS', '2018-01-01 00:00:00', NULL, 152),
(1533, 'CURA MORI', '2018-01-01 00:00:00', NULL, 152),
(1534, 'EL TALLAN', '2018-01-01 00:00:00', NULL, 152),
(1535, 'LA ARENA', '2018-01-01 00:00:00', NULL, 152),
(1536, 'LA UNION', '2018-01-01 00:00:00', NULL, 152),
(1537, 'LAS LOMAS', '2018-01-01 00:00:00', NULL, 152),
(1538, 'TAMBO GRANDE', '2018-01-01 00:00:00', NULL, 152),
(1539, 'AYABACA', '2018-01-01 00:00:00', NULL, 153),
(1540, 'FRIAS', '2018-01-01 00:00:00', NULL, 153),
(1541, 'JILILI', '2018-01-01 00:00:00', NULL, 153),
(1542, 'LAGUNAS', '2018-01-01 00:00:00', NULL, 153),
(1543, 'MONTERO', '2018-01-01 00:00:00', NULL, 153),
(1544, 'PACAIPAMPA', '2018-01-01 00:00:00', NULL, 153),
(1545, 'PAIMAS', '2018-01-01 00:00:00', NULL, 153),
(1546, 'SAPILLICA', '2018-01-01 00:00:00', NULL, 153),
(1547, 'SICCHEZ', '2018-01-01 00:00:00', NULL, 153),
(1548, 'SUYO', '2018-01-01 00:00:00', NULL, 153),
(1549, 'HUANCABAMBA', '2018-01-01 00:00:00', NULL, 154),
(1550, 'CANCHAQUE', '2018-01-01 00:00:00', NULL, 154),
(1551, 'EL CARMEN DE LA FRONTERA', '2018-01-01 00:00:00', NULL, 154),
(1552, 'HUARMACA', '2018-01-01 00:00:00', NULL, 154),
(1553, 'LALAQUIZ', '2018-01-01 00:00:00', NULL, 154),
(1554, 'SAN MIGUEL DE EL FAIQUE', '2018-01-01 00:00:00', NULL, 154),
(1555, 'SONDOR', '2018-01-01 00:00:00', NULL, 154),
(1556, 'SONDORILLO', '2018-01-01 00:00:00', NULL, 154),
(1557, 'CHULUCANAS', '2018-01-01 00:00:00', NULL, 155),
(1558, 'BUENOS AIRES', '2018-01-01 00:00:00', NULL, 155),
(1559, 'CHALACO', '2018-01-01 00:00:00', NULL, 155),
(1560, 'LA MATANZA', '2018-01-01 00:00:00', NULL, 155),
(1561, 'MORROPON', '2018-01-01 00:00:00', NULL, 155),
(1562, 'SALITRAL', '2018-01-01 00:00:00', NULL, 155),
(1563, 'SAN JUAN DE BIGOTE', '2018-01-01 00:00:00', NULL, 155),
(1564, 'SANTA CATALINA DE MOSSA', '2018-01-01 00:00:00', NULL, 155),
(1565, 'SANTO DOMINGO', '2018-01-01 00:00:00', NULL, 155),
(1566, 'YAMANGO', '2018-01-01 00:00:00', NULL, 155),
(1567, 'PAITA', '2018-01-01 00:00:00', NULL, 156),
(1568, 'AMOTAPE', '2018-01-01 00:00:00', NULL, 156),
(1569, 'ARENAL', '2018-01-01 00:00:00', NULL, 156),
(1570, 'COLAN', '2018-01-01 00:00:00', NULL, 156),
(1571, 'LA HUACA', '2018-01-01 00:00:00', NULL, 156),
(1572, 'TAMARINDO', '2018-01-01 00:00:00', NULL, 156),
(1573, 'VICHAYAL', '2018-01-01 00:00:00', NULL, 156),
(1574, 'SULLANA', '2018-01-01 00:00:00', NULL, 157),
(1575, 'BELLAVISTA', '2018-01-01 00:00:00', NULL, 157),
(1576, 'IGNACIO ESCUDERO', '2018-01-01 00:00:00', NULL, 157),
(1577, 'LANCONES', '2018-01-01 00:00:00', NULL, 157),
(1578, 'MARCAVELICA', '2018-01-01 00:00:00', NULL, 157),
(1579, 'MIGUEL CHECA', '2018-01-01 00:00:00', NULL, 157),
(1580, 'QUERECOTILLO', '2018-01-01 00:00:00', NULL, 157),
(1581, 'SALITRAL', '2018-01-01 00:00:00', NULL, 157),
(1582, 'PARIÑAS', '2018-01-01 00:00:00', NULL, 158),
(1583, 'EL ALTO', '2018-01-01 00:00:00', NULL, 158),
(1584, 'LA BREA', '2018-01-01 00:00:00', NULL, 158),
(1585, 'LOBITOS', '2018-01-01 00:00:00', NULL, 158),
(1586, 'LOS ORGANOS', '2018-01-01 00:00:00', NULL, 158),
(1587, 'MANCORA', '2018-01-01 00:00:00', NULL, 158),
(1588, 'SECHURA', '2018-01-01 00:00:00', NULL, 159),
(1589, 'BELLAVISTA DE LA UNION', '2018-01-01 00:00:00', NULL, 159),
(1590, 'BERNAL', '2018-01-01 00:00:00', NULL, 159),
(1591, 'CRISTO NOS VALGA', '2018-01-01 00:00:00', NULL, 159),
(1592, 'VICE', '2018-01-01 00:00:00', NULL, 159),
(1593, 'RINCONADA LLICUAR', '2018-01-01 00:00:00', NULL, 159),
(1594, 'PUNO', '2018-01-01 00:00:00', NULL, 160),
(1595, 'ACORA', '2018-01-01 00:00:00', NULL, 160),
(1596, 'AMANTANI', '2018-01-01 00:00:00', NULL, 160),
(1597, 'ATUNCOLLA', '2018-01-01 00:00:00', NULL, 160),
(1598, 'CAPACHICA', '2018-01-01 00:00:00', NULL, 160),
(1599, 'CHUCUITO', '2018-01-01 00:00:00', NULL, 160),
(1600, 'COATA', '2018-01-01 00:00:00', NULL, 160),
(1601, 'HUATA', '2018-01-01 00:00:00', NULL, 160),
(1602, 'MAÑAZO', '2018-01-01 00:00:00', NULL, 160),
(1603, 'PAUCARCOLLA', '2018-01-01 00:00:00', NULL, 160),
(1604, 'PICHACANI', '2018-01-01 00:00:00', NULL, 160),
(1605, 'PLATERIA', '2018-01-01 00:00:00', NULL, 160),
(1606, 'SAN ANTONIO', '2018-01-01 00:00:00', NULL, 160),
(1607, 'TIQUILLACA', '2018-01-01 00:00:00', NULL, 160),
(1608, 'VILQUE', '2018-01-01 00:00:00', NULL, 160),
(1609, 'AZANGARO', '2018-01-01 00:00:00', NULL, 161),
(1610, 'ACHAYA', '2018-01-01 00:00:00', NULL, 161),
(1611, 'ARAPA', '2018-01-01 00:00:00', NULL, 161),
(1612, 'ASILLO', '2018-01-01 00:00:00', NULL, 161),
(1613, 'CAMINACA', '2018-01-01 00:00:00', NULL, 161),
(1614, 'CHUPA', '2018-01-01 00:00:00', NULL, 161),
(1615, 'JOSE DOMINGO CHOQUEHUANCA', '2018-01-01 00:00:00', NULL, 161),
(1616, 'MUÑANI', '2018-01-01 00:00:00', NULL, 161),
(1617, 'POTONI', '2018-01-01 00:00:00', NULL, 161),
(1618, 'SAMAN', '2018-01-01 00:00:00', NULL, 161),
(1619, 'SAN ANTON', '2018-01-01 00:00:00', NULL, 161),
(1620, 'SAN JOSE', '2018-01-01 00:00:00', NULL, 161),
(1621, 'SAN JUAN DE SALINAS', '2018-01-01 00:00:00', NULL, 161),
(1622, 'SANTIAGO DE PUPUJA', '2018-01-01 00:00:00', NULL, 161),
(1623, 'TIRAPATA', '2018-01-01 00:00:00', NULL, 161),
(1624, 'MACUSANI', '2018-01-01 00:00:00', NULL, 162),
(1625, 'AJOYANI', '2018-01-01 00:00:00', NULL, 162),
(1626, 'AYAPATA', '2018-01-01 00:00:00', NULL, 162),
(1627, 'COASA', '2018-01-01 00:00:00', NULL, 162),
(1628, 'CORANI', '2018-01-01 00:00:00', NULL, 162),
(1629, 'CRUCERO', '2018-01-01 00:00:00', NULL, 162),
(1630, 'ITUATA', '2018-01-01 00:00:00', NULL, 162),
(1631, 'OLLACHEA', '2018-01-01 00:00:00', NULL, 162),
(1632, 'SAN GABAN', '2018-01-01 00:00:00', NULL, 162),
(1633, 'USICAYOS', '2018-01-01 00:00:00', NULL, 162),
(1634, 'JULI', '2018-01-01 00:00:00', NULL, 163),
(1635, 'DESAGUADERO', '2018-01-01 00:00:00', NULL, 163),
(1636, 'HUACULLANI', '2018-01-01 00:00:00', NULL, 163),
(1637, 'KELLUYO', '2018-01-01 00:00:00', NULL, 163),
(1638, 'PISACOMA', '2018-01-01 00:00:00', NULL, 163),
(1639, 'POMATA', '2018-01-01 00:00:00', NULL, 163),
(1640, 'ZEPITA', '2018-01-01 00:00:00', NULL, 163),
(1641, 'ILAVE', '2018-01-01 00:00:00', NULL, 164),
(1642, 'CAPAZO', '2018-01-01 00:00:00', NULL, 164),
(1643, 'PILCUYO', '2018-01-01 00:00:00', NULL, 164),
(1644, 'SANTA ROSA', '2018-01-01 00:00:00', NULL, 164),
(1645, 'CONDURIRI', '2018-01-01 00:00:00', NULL, 164),
(1646, 'HUANCANE', '2018-01-01 00:00:00', NULL, 165),
(1647, 'COJATA', '2018-01-01 00:00:00', NULL, 165),
(1648, 'HUATASANI', '2018-01-01 00:00:00', NULL, 165),
(1649, 'INCHUPALLA', '2018-01-01 00:00:00', NULL, 165),
(1650, 'PUSI', '2018-01-01 00:00:00', NULL, 165),
(1651, 'ROSASPATA', '2018-01-01 00:00:00', NULL, 165),
(1652, 'TARACO', '2018-01-01 00:00:00', NULL, 165),
(1653, 'VILQUE CHICO', '2018-01-01 00:00:00', NULL, 165),
(1654, 'LAMPA', '2018-01-01 00:00:00', NULL, 166),
(1655, 'CABANILLA', '2018-01-01 00:00:00', NULL, 166),
(1656, 'CALAPUJA', '2018-01-01 00:00:00', NULL, 166),
(1657, 'NICASIO', '2018-01-01 00:00:00', NULL, 166),
(1658, 'OCUVIRI', '2018-01-01 00:00:00', NULL, 166),
(1659, 'PALCA', '2018-01-01 00:00:00', NULL, 166),
(1660, 'PARATIA', '2018-01-01 00:00:00', NULL, 166),
(1661, 'PUCARA', '2018-01-01 00:00:00', NULL, 166),
(1662, 'SANTA LUCIA', '2018-01-01 00:00:00', NULL, 166),
(1663, 'VILAVILA', '2018-01-01 00:00:00', NULL, 166),
(1664, 'AYAVIRI', '2018-01-01 00:00:00', NULL, 167),
(1665, 'ANTAUTA', '2018-01-01 00:00:00', NULL, 167),
(1666, 'CUPI', '2018-01-01 00:00:00', NULL, 167),
(1667, 'LLALLI', '2018-01-01 00:00:00', NULL, 167),
(1668, 'MACARI', '2018-01-01 00:00:00', NULL, 167),
(1669, 'NUÑOA', '2018-01-01 00:00:00', NULL, 167),
(1670, 'ORURILLO', '2018-01-01 00:00:00', NULL, 167),
(1671, 'SANTA ROSA', '2018-01-01 00:00:00', NULL, 167),
(1672, 'UMACHIRI', '2018-01-01 00:00:00', NULL, 167),
(1673, 'MOHO', '2018-01-01 00:00:00', NULL, 168),
(1674, 'CONIMA', '2018-01-01 00:00:00', NULL, 168),
(1675, 'HUAYRAPATA', '2018-01-01 00:00:00', NULL, 168),
(1676, 'TILALI', '2018-01-01 00:00:00', NULL, 168),
(1677, 'PUTINA', '2018-01-01 00:00:00', NULL, 169),
(1678, 'ANANEA', '2018-01-01 00:00:00', NULL, 169),
(1679, 'PEDRO VILCA APAZA', '2018-01-01 00:00:00', NULL, 169),
(1680, 'QUILCAPUNCU', '2018-01-01 00:00:00', NULL, 169),
(1681, 'SINA', '2018-01-01 00:00:00', NULL, 169),
(1682, 'JULIACA', '2018-01-01 00:00:00', NULL, 170),
(1683, 'CABANA', '2018-01-01 00:00:00', NULL, 170),
(1684, 'CABANILLAS', '2018-01-01 00:00:00', NULL, 170),
(1685, 'CARACOTO', '2018-01-01 00:00:00', NULL, 170),
(1686, 'SANDIA', '2018-01-01 00:00:00', NULL, 171),
(1687, 'CUYOCUYO', '2018-01-01 00:00:00', NULL, 171),
(1688, 'LIMBANI', '2018-01-01 00:00:00', NULL, 171),
(1689, 'PATAMBUCO', '2018-01-01 00:00:00', NULL, 171),
(1690, 'PHARA', '2018-01-01 00:00:00', NULL, 171),
(1691, 'QUIACA', '2018-01-01 00:00:00', NULL, 171),
(1692, 'SAN JUAN DEL ORO', '2018-01-01 00:00:00', NULL, 171),
(1693, 'YANAHUAYA', '2018-01-01 00:00:00', NULL, 171),
(1694, 'ALTO INAMBARI', '2018-01-01 00:00:00', NULL, 171),
(1695, 'YUNGUYO', '2018-01-01 00:00:00', NULL, 172),
(1696, 'ANAPIA', '2018-01-01 00:00:00', NULL, 172),
(1697, 'COPANI', '2018-01-01 00:00:00', NULL, 172),
(1698, 'CUTURAPI', '2018-01-01 00:00:00', NULL, 172),
(1699, 'OLLARAYA', '2018-01-01 00:00:00', NULL, 172),
(1700, 'TINICACHI', '2018-01-01 00:00:00', NULL, 172),
(1701, 'UNICACHI', '2018-01-01 00:00:00', NULL, 172),
(1702, 'MOYOBAMBA', '2018-01-01 00:00:00', NULL, 173),
(1703, 'CALZADA', '2018-01-01 00:00:00', NULL, 173),
(1704, 'HABANA', '2018-01-01 00:00:00', NULL, 173),
(1705, 'JEPELACIO', '2018-01-01 00:00:00', NULL, 173),
(1706, 'SORITOR', '2018-01-01 00:00:00', NULL, 173),
(1707, 'YANTALO', '2018-01-01 00:00:00', NULL, 173),
(1708, 'BELLAVISTA', '2018-01-01 00:00:00', NULL, 174),
(1709, 'ALTO BIAVO', '2018-01-01 00:00:00', NULL, 174),
(1710, 'BAJO BIAVO', '2018-01-01 00:00:00', NULL, 174),
(1711, 'HUALLAGA', '2018-01-01 00:00:00', NULL, 174),
(1712, 'SAN PABLO', '2018-01-01 00:00:00', NULL, 174),
(1713, 'SAN RAFAEL', '2018-01-01 00:00:00', NULL, 174),
(1714, 'SAN JOSE DE SISA', '2018-01-01 00:00:00', NULL, 175),
(1715, 'AGUA BLANCA', '2018-01-01 00:00:00', NULL, 175),
(1716, 'SAN MARTIN', '2018-01-01 00:00:00', NULL, 175),
(1717, 'SANTA ROSA', '2018-01-01 00:00:00', NULL, 175),
(1718, 'SHATOJA', '2018-01-01 00:00:00', NULL, 175),
(1719, 'SAPOSOA', '2018-01-01 00:00:00', NULL, 176),
(1720, 'ALTO SAPOSOA', '2018-01-01 00:00:00', NULL, 176),
(1721, 'EL ESLABON', '2018-01-01 00:00:00', NULL, 176),
(1722, 'PISCOYACU', '2018-01-01 00:00:00', NULL, 176),
(1723, 'SACANCHE', '2018-01-01 00:00:00', NULL, 176),
(1724, 'TINGO DE SAPOSOA', '2018-01-01 00:00:00', NULL, 176),
(1725, 'LAMAS', '2018-01-01 00:00:00', NULL, 177),
(1726, 'ALONSO DE ALVARADO', '2018-01-01 00:00:00', NULL, 177),
(1727, 'BARRANQUITA', '2018-01-01 00:00:00', NULL, 177),
(1728, 'CAYNARACHI', '2018-01-01 00:00:00', NULL, 177),
(1729, 'CUÑUMBUQUI', '2018-01-01 00:00:00', NULL, 177),
(1730, 'PINTO RECODO', '2018-01-01 00:00:00', NULL, 177),
(1731, 'RUMISAPA', '2018-01-01 00:00:00', NULL, 177),
(1732, 'SAN ROQUE DE CUMBAZA', '2018-01-01 00:00:00', NULL, 177),
(1733, 'SHANAO', '2018-01-01 00:00:00', NULL, 177),
(1734, 'TABALOSOS', '2018-01-01 00:00:00', NULL, 177),
(1735, 'ZAPATERO', '2018-01-01 00:00:00', NULL, 177),
(1736, 'JUANJUI', '2018-01-01 00:00:00', NULL, 178),
(1737, 'CAMPANILLA', '2018-01-01 00:00:00', NULL, 178),
(1738, 'HUICUNGO', '2018-01-01 00:00:00', NULL, 178),
(1739, 'PACHIZA', '2018-01-01 00:00:00', NULL, 178),
(1740, 'PAJARILLO', '2018-01-01 00:00:00', NULL, 178),
(1741, 'PICOTA', '2018-01-01 00:00:00', NULL, 179),
(1742, 'BUENOS AIRES', '2018-01-01 00:00:00', NULL, 179),
(1743, 'CASPISAPA', '2018-01-01 00:00:00', NULL, 179),
(1744, 'PILLUANA', '2018-01-01 00:00:00', NULL, 179),
(1745, 'PUCACACA', '2018-01-01 00:00:00', NULL, 179),
(1746, 'SAN CRISTOBAL', '2018-01-01 00:00:00', NULL, 179),
(1747, 'SAN HILARION', '2018-01-01 00:00:00', NULL, 179),
(1748, 'SHAMBOYACU', '2018-01-01 00:00:00', NULL, 179),
(1749, 'TINGO DE PONASA', '2018-01-01 00:00:00', NULL, 179),
(1750, 'TRES UNIDOS', '2018-01-01 00:00:00', NULL, 179),
(1751, 'RIOJA', '2018-01-01 00:00:00', NULL, 180),
(1752, 'AWAJUN', '2018-01-01 00:00:00', NULL, 180),
(1753, 'ELIAS SOPLIN VARGAS', '2018-01-01 00:00:00', NULL, 180),
(1754, 'NUEVA CAJAMARCA', '2018-01-01 00:00:00', NULL, 180),
(1755, 'PARDO MIGUEL', '2018-01-01 00:00:00', NULL, 180),
(1756, 'POSIC', '2018-01-01 00:00:00', NULL, 180),
(1757, 'SAN FERNANDO', '2018-01-01 00:00:00', NULL, 180),
(1758, 'YORONGOS', '2018-01-01 00:00:00', NULL, 180),
(1759, 'YURACYACU', '2018-01-01 00:00:00', NULL, 180),
(1760, 'TARAPOTO', '2018-01-01 00:00:00', NULL, 181),
(1761, 'ALBERTO LEVEAU', '2018-01-01 00:00:00', NULL, 181),
(1762, 'CACATACHI', '2018-01-01 00:00:00', NULL, 181),
(1763, 'CHAZUTA', '2018-01-01 00:00:00', NULL, 181),
(1764, 'CHIPURANA', '2018-01-01 00:00:00', NULL, 181),
(1765, 'EL PORVENIR', '2018-01-01 00:00:00', NULL, 181),
(1766, 'HUIMBAYOC', '2018-01-01 00:00:00', NULL, 181),
(1767, 'JUAN GUERRA', '2018-01-01 00:00:00', NULL, 181),
(1768, 'LA BANDA DE SHILCAYO', '2018-01-01 00:00:00', NULL, 181),
(1769, 'MORALES', '2018-01-01 00:00:00', NULL, 181),
(1770, 'PAPAPLAYA', '2018-01-01 00:00:00', NULL, 181),
(1771, 'SAN ANTONIO', '2018-01-01 00:00:00', NULL, 181),
(1772, 'SAUCE', '2018-01-01 00:00:00', NULL, 181),
(1773, 'SHAPAJA', '2018-01-01 00:00:00', NULL, 181),
(1774, 'TOCACHE', '2018-01-01 00:00:00', NULL, 182),
(1775, 'NUEVO PROGRESO', '2018-01-01 00:00:00', NULL, 182),
(1776, 'POLVORA', '2018-01-01 00:00:00', NULL, 182),
(1777, 'SHUNTE', '2018-01-01 00:00:00', NULL, 182),
(1778, 'UCHIZA', '2018-01-01 00:00:00', NULL, 182),
(1779, 'TACNA', '2018-01-01 00:00:00', NULL, 183),
(1780, 'ALTO DE LA ALIANZA', '2018-01-01 00:00:00', NULL, 183),
(1781, 'CALANA', '2018-01-01 00:00:00', NULL, 183),
(1782, 'CIUDAD NUEVA', '2018-01-01 00:00:00', NULL, 183),
(1783, 'INCLAN', '2018-01-01 00:00:00', NULL, 183),
(1784, 'PACHIA', '2018-01-01 00:00:00', NULL, 183),
(1785, 'PALCA', '2018-01-01 00:00:00', NULL, 183),
(1786, 'POCOLLAY', '2018-01-01 00:00:00', NULL, 183),
(1787, 'SAMA', '2018-01-01 00:00:00', NULL, 183),
(1788, 'CORONEL GREGORIO ALBARRACIN LANCHIPA', '2018-01-01 00:00:00', NULL, 183),
(1789, 'CANDARAVE', '2018-01-01 00:00:00', NULL, 184),
(1790, 'CAIRANI', '2018-01-01 00:00:00', NULL, 184),
(1791, 'CAMILACA', '2018-01-01 00:00:00', NULL, 184),
(1792, 'CURIBAYA', '2018-01-01 00:00:00', NULL, 184),
(1793, 'HUANUARA', '2018-01-01 00:00:00', NULL, 184),
(1794, 'QUILAHUANI', '2018-01-01 00:00:00', NULL, 184),
(1795, 'LOCUMBA', '2018-01-01 00:00:00', NULL, 185),
(1796, 'ILABAYA', '2018-01-01 00:00:00', NULL, 185),
(1797, 'ITE', '2018-01-01 00:00:00', NULL, 185),
(1798, 'TARATA', '2018-01-01 00:00:00', NULL, 186),
(1799, 'CHUCATAMANI', '2018-01-01 00:00:00', NULL, 186),
(1800, 'ESTIQUE', '2018-01-01 00:00:00', NULL, 186),
(1801, 'ESTIQUE-PAMPA', '2018-01-01 00:00:00', NULL, 186),
(1802, 'SITAJARA', '2018-01-01 00:00:00', NULL, 186),
(1803, 'SUSAPAYA', '2018-01-01 00:00:00', NULL, 186),
(1804, 'TARUCACHI', '2018-01-01 00:00:00', NULL, 186),
(1805, 'TICACO', '2018-01-01 00:00:00', NULL, 186),
(1806, 'TUMBES', '2018-01-01 00:00:00', NULL, 187),
(1807, 'CORRALES', '2018-01-01 00:00:00', NULL, 187),
(1808, 'LA CRUZ', '2018-01-01 00:00:00', NULL, 187),
(1809, 'PAMPAS DE HOSPITAL', '2018-01-01 00:00:00', NULL, 187),
(1810, 'SAN JACINTO', '2018-01-01 00:00:00', NULL, 187),
(1811, 'SAN JUAN DE LA VIRGEN', '2018-01-01 00:00:00', NULL, 187),
(1812, 'ZORRITOS', '2018-01-01 00:00:00', NULL, 188),
(1813, 'CASITAS', '2018-01-01 00:00:00', NULL, 188),
(1814, 'ZARUMILLA', '2018-01-01 00:00:00', NULL, 189),
(1815, 'AGUAS VERDES', '2018-01-01 00:00:00', NULL, 189),
(1816, 'MATAPALO', '2018-01-01 00:00:00', NULL, 189),
(1817, 'PAPAYAL', '2018-01-01 00:00:00', NULL, 189),
(1818, 'CALLERIA', '2018-01-01 00:00:00', NULL, 190),
(1819, 'CAMPOVERDE', '2018-01-01 00:00:00', NULL, 190),
(1820, 'IPARIA', '2018-01-01 00:00:00', NULL, 190),
(1821, 'MASISEA', '2018-01-01 00:00:00', NULL, 190),
(1822, 'YARINACOCHA', '2018-01-01 00:00:00', NULL, 190),
(1823, 'NUEVA REQUENA', '2018-01-01 00:00:00', NULL, 190),
(1824, 'RAYMONDI', '2018-01-01 00:00:00', NULL, 191),
(1825, 'SEPAHUA', '2018-01-01 00:00:00', NULL, 191),
(1826, 'TAHUANIA', '2018-01-01 00:00:00', NULL, 191),
(1827, 'YURUA', '2018-01-01 00:00:00', NULL, 191),
(1828, 'PADRE ABAD', '2018-01-01 00:00:00', NULL, 192),
(1829, 'IRAZOLA', '2018-01-01 00:00:00', NULL, 192),
(1830, 'CURIMANA', '2018-01-01 00:00:00', NULL, 192),
(1831, 'PURUS', '2018-01-01 00:00:00', NULL, 193);

-- --------------------------------------------------------

--
-- Estructura de tabla para la tabla `estado`
--

DROP TABLE IF EXISTS `estado`;
CREATE TABLE IF NOT EXISTS `estado` (
  `idEstado` int(11) NOT NULL AUTO_INCREMENT,
  `grupo` char(4) DEFAULT NULL,
  `DescripcionEstado` varchar(150) DEFAULT NULL,
  `fechaRegistro` datetime DEFAULT NULL,
  `fechaUpdate` datetime DEFAULT NULL,
  PRIMARY KEY (`idEstado`)
) ENGINE=InnoDB AUTO_INCREMENT=3 DEFAULT CHARSET=latin1;

--
-- Volcado de datos para la tabla `estado`
--

INSERT INTO `estado` (`idEstado`, `grupo`, `DescripcionEstado`, `fechaRegistro`, `fechaUpdate`) VALUES
(1, '1', 'Disponible', '2019-03-13 00:00:00', NULL),
(2, '1', 'No disponible', '2019-03-13 00:00:00', NULL);

-- --------------------------------------------------------

--
-- Estructura de tabla para la tabla `galeria`
--

DROP TABLE IF EXISTS `galeria`;
CREATE TABLE IF NOT EXISTS `galeria` (
  `idGaleria` int(11) NOT NULL AUTO_INCREMENT,
  `NombreGaleria` varchar(150) NOT NULL,
  `imagenPortada` varchar(150) NOT NULL,
  `fechaRegistro` datetime NOT NULL,
  `fechaUpdate` datetime DEFAULT NULL,
  `Producto_idProducto` int(11) NOT NULL,
  `Estado_idEstado` int(11) NOT NULL,
  PRIMARY KEY (`idGaleria`),
  KEY `FK_galeriaProducto` (`Producto_idProducto`),
  KEY `FK_GaleriaEstado` (`Estado_idEstado`)
) ENGINE=InnoDB AUTO_INCREMENT=3 DEFAULT CHARSET=latin1;

--
-- Volcado de datos para la tabla `galeria`
--

INSERT INTO `galeria` (`idGaleria`, `NombreGaleria`, `imagenPortada`, `fechaRegistro`, `fechaUpdate`, `Producto_idProducto`, `Estado_idEstado`) VALUES
(1, 'Imagen1', 'Galeria/Imagen1.jpg', '2019-06-20 15:08:31', NULL, 1, 1),
(2, 'Imagen2', 'Galeria/Imagen2.jpg', '2019-06-20 15:08:46', NULL, 1, 1);

-- --------------------------------------------------------

--
-- Estructura de tabla para la tabla `grupo`
--

DROP TABLE IF EXISTS `grupo`;
CREATE TABLE IF NOT EXISTS `grupo` (
  `idGrupo` int(11) NOT NULL AUTO_INCREMENT,
  `Descripcion` varchar(150) NOT NULL,
  `fechaRegistro` datetime NOT NULL,
  `fechaUpdate` datetime DEFAULT NULL,
  `Estado_idEstado` int(11) NOT NULL,
  PRIMARY KEY (`idGrupo`),
  KEY `FK_grupoEstado` (`Estado_idEstado`)
) ENGINE=InnoDB AUTO_INCREMENT=4 DEFAULT CHARSET=latin1;

--
-- Volcado de datos para la tabla `grupo`
--

INSERT INTO `grupo` (`idGrupo`, `Descripcion`, `fechaRegistro`, `fechaUpdate`, `Estado_idEstado`) VALUES
(1, 'Tradicionales', '2019-06-04 00:00:00', '2019-06-04 00:00:00', 1),
(2, 'Otros', '2019-06-04 00:00:00', NULL, 1);

-- --------------------------------------------------------

--
-- Estructura de tabla para la tabla `historial`
--

DROP TABLE IF EXISTS `historial`;
CREATE TABLE IF NOT EXISTS `historial` (
  `idHistorial` int(11) NOT NULL AUTO_INCREMENT,
  `usuario_idUsuario` int(11) NOT NULL,
  `Mensaje` text NOT NULL,
  `fechaRegistro` datetime NOT NULL,
  PRIMARY KEY (`idHistorial`),
  KEY `FK_Historial_u` (`usuario_idUsuario`)
) ENGINE=InnoDB AUTO_INCREMENT=60 DEFAULT CHARSET=latin1;

--
-- Volcado de datos para la tabla `historial`
--

INSERT INTO `historial` (`idHistorial`, `usuario_idUsuario`, `Mensaje`, `fechaRegistro`) VALUES
(1, 17, 'Registro:  Se Registró nuevo Usuario: ocarrasco - Nombres: Orlando Carrasco.', '2019-08-05 14:16:26'),
(2, 17, 'Actualización:  Se Actualizó  Usuario: ocarrasco - Nombres: Orlando2 Carrasco2.', '2019-08-05 14:16:39'),
(3, 17, 'Actualización:  Se Actualizó  Usuario: ocarrasco - Nombres: Orlando Carrasco.', '2019-08-05 14:16:47'),
(4, 17, 'Inhabilitación:  Se Inhabilitó  Usuario: ocarrasco - Nombres: Orlando Carrasco.', '2019-08-05 14:16:53'),
(5, 17, 'Habilitación:  Se Habilitó  Usuario: ocarrasco - Nombres: Orlando Carrasco.', '2019-08-05 14:16:57'),
(6, 17, 'Eliminar:  Se Eliminó  Usuario: ocarrasco - Nombres: Orlando Carrasco.', '2019-08-05 14:17:24'),
(7, 17, 'Registro:  Se Registró nuevo Perfil: Operador', '2019-08-05 14:17:47'),
(8, 17, 'Actualización:  Se Actualizó  Perfil: Operador2', '2019-08-05 14:17:51'),
(9, 17, 'Inhabilitación:  Se Inhabilitó  Perfil: Operador2', '2019-08-05 14:17:53'),
(10, 17, 'Habilitación:  Se Habilitó  Perfil: Operador2', '2019-08-05 14:17:56'),
(11, 17, 'Eliminar:  Se Eliminó  Perfil: Operador2', '2019-08-05 14:17:58'),
(12, 17, 'Registro:  Se Registró nuevo Medida: Nuevo', '2019-08-05 14:18:12'),
(13, 17, 'Actualización:  Se Actualizó  Medida: Nuevo2', '2019-08-05 14:18:17'),
(14, 17, 'Inhabilitación:  Se Inhabilitó  Medida: Nuevo2', '2019-08-05 14:18:19'),
(15, 17, 'Habilitación:  Se Habilitó  Medida: Nuevo2', '2019-08-05 14:18:22'),
(16, 17, 'Eliminar:  Se Eliminó  Medida: Nuevo2', '2019-08-05 14:18:25'),
(17, 17, 'Registro:  Se Registró nuevo Grupo: nuevo', '2019-08-05 14:18:49'),
(18, 17, 'Actualización:  Se Actualizó  Grupo: Nuevo2', '2019-08-05 14:18:57'),
(19, 17, 'Inhabilitación:  Se Inhabilitó  Grupo: Nuevo2', '2019-08-05 14:19:00'),
(20, 17, 'Habilitación:  Se Habilitó  Grupo: Nuevo2', '2019-08-05 14:19:02'),
(21, 17, 'Eliminar:  Se Eliminó  Grupo: Nuevo2', '2019-08-05 14:19:13'),
(22, 17, 'Registro:  Se Registró nuevo Categoria: prueba categoria', '2019-08-05 14:21:43'),
(23, 17, 'Actualización:  Se Actualizó  Categoria: Prueba Categoria2', '2019-08-05 14:21:52'),
(24, 17, 'Inhabilitación:  Se Inhabilitó  Categoria: Prueba Categoria2', '2019-08-05 14:21:55'),
(25, 17, 'Habilitación:  Se Habilitó  Categoria: Prueba Categoria2', '2019-08-05 14:21:58'),
(26, 17, 'Eliminar:  Se Eliminó  Categoria: Prueba Categoria2', '2019-08-05 14:22:02'),
(27, 17, 'Registro:  Se Registró nuevo SubCategoria: prueba323', '2019-08-05 14:22:49'),
(28, 17, 'Inhabilitación:  Se Inhabilitó  SubCategoria: Prueba323', '2019-08-05 14:23:04'),
(29, 17, 'Habilitación:  Se Habilitó  SubCategoria: Prueba323', '2019-08-05 14:23:06'),
(30, 17, 'Actualización:  Se Actualizó  SubCategoria: Prueba32312334124', '2019-08-05 14:23:09'),
(31, 17, 'Eliminar:  Se Eliminó  SubCategoria: Prueba32312334124', '2019-08-05 14:23:12'),
(32, 17, 'Registro:  Se Registró nuevo Tarifa:', '2019-08-05 15:11:41'),
(33, 17, 'Actualización:  Se Actualizó  Tarifa:', '2019-08-05 15:12:10'),
(34, 17, 'Actualización:  Se Actualizó  Tarifa:', '2019-08-05 15:21:33'),
(35, 17, 'Actualización:  Se Actualizó  Tarifa:', '2019-08-05 15:21:38'),
(36, 17, 'Registro:  Se Registró nuevo Delivery:', '2019-08-05 16:31:48'),
(37, 17, 'Eliminar:  Se Eliminó  Delivery: LIMA/LIMA/LOS OLIVOS', '2019-08-05 16:39:41'),
(38, 17, 'Eliminar:  Se Eliminó  Delivery: LIMA/LIMA/LOS OLIVOS', '2019-08-05 16:40:35'),
(39, 17, 'Registro:  Se Registró nuevo Delivery:', '2019-08-05 16:41:59'),
(40, 17, 'Actualización:  Se Actualizó  Tarifa:', '2019-08-05 16:42:34'),
(41, 17, 'Actualización:  Se Actualizó  Tarifa:', '2019-08-05 16:42:55'),
(42, 17, 'Registro:  Se Registró nuevo Delivery:', '2019-08-05 16:43:28'),
(43, 17, 'Eliminar:  Se Eliminó  Delivery: LIMA/LIMA/LA VICTORIA', '2019-08-05 16:43:34'),
(44, 17, 'Registro:  Se Registró nuevo Promocion: prueba', '2019-08-05 23:11:01'),
(45, 17, 'Registro:  Se Registró nuevo Promocion: efwefwef', '2019-08-05 23:16:39'),
(46, 17, 'Inhabilitación:  Se Inhabilitó  Promocion: Efwefwef', '2019-08-05 23:17:24'),
(47, 17, 'Habilitación:  Se Habilitó  Promocion: Efwefwef', '2019-08-05 23:17:28'),
(48, 17, 'Inhabilitación:  Se Inhabilitó  Promocion: Prueba', '2019-08-05 23:17:30'),
(49, 17, 'Habilitación:  Se Habilitó  Promocion: Prueba', '2019-08-05 23:17:33'),
(50, 17, 'Eliminar:  Se Eliminó  Promocion: Efwefwef', '2019-08-05 23:17:36'),
(51, 17, 'Eliminar:  Se Eliminó  Promocion: ', '2019-08-05 23:17:39'),
(52, 17, 'Actualización:  Se Actualizó  Promocion: Prueba2', '2019-08-05 23:24:08'),
(53, 17, 'Eliminar:  Se Eliminó  Promocion: Prueba2', '2019-08-05 23:24:16'),
(54, 17, 'Registro:  Se Registró nuevo Promocion: qfeewfewfwe', '2019-08-05 23:25:34'),
(55, 17, 'Eliminar:  Se Eliminó  Promocion: Qfeewfewfwe', '2019-08-05 23:25:38'),
(56, 17, 'Registro:  Se Registró nuevo Promocion: ewfewf', '2019-08-05 23:26:32'),
(57, 17, 'Eliminar:  Se Eliminó  Promocion: Ewfewf', '2019-08-05 23:26:44'),
(58, 17, 'Registro:  Se Registró nuevo Promocion: promocion1', '2019-08-05 23:28:37'),
(59, 17, 'Registro:  Se Registró nuevo Promocion: Promocion2', '2019-08-05 23:28:51');

-- --------------------------------------------------------

--
-- Estructura de tabla para la tabla `local`
--

DROP TABLE IF EXISTS `local`;
CREATE TABLE IF NOT EXISTS `local` (
  `idLocal` int(11) NOT NULL AUTO_INCREMENT,
  `NombreLocal` varchar(150) NOT NULL,
  `Direccion` text,
  `Encargado` varchar(150) DEFAULT NULL,
  `HorarioAtencion` varchar(100) DEFAULT NULL,
  `TelefonoFijo` int(7) DEFAULT NULL,
  `TelefonoCelular` int(9) DEFAULT NULL,
  `imagenPortada` text,
  `fechaRegistro` datetime NOT NULL,
  `fechaUpdate` datetime DEFAULT NULL,
  `Estado_idEstado` int(11) NOT NULL,
  PRIMARY KEY (`idLocal`),
  KEY `FK_LOcal_Estado` (`Estado_idEstado`)
) ENGINE=InnoDB AUTO_INCREMENT=5 DEFAULT CHARSET=latin1;

--
-- Volcado de datos para la tabla `local`
--

INSERT INTO `local` (`idLocal`, `NombreLocal`, `Direccion`, `Encargado`, `HorarioAtencion`, `TelefonoFijo`, `TelefonoCelular`, `imagenPortada`, `fechaRegistro`, `fechaUpdate`, `Estado_idEstado`) VALUES
(2, 'Chaska', '', 'Chaska', '09:00 am - 12:00 pm', NULL, NULL, NULL, '2019-06-20 14:41:42', '2019-06-20 14:59:07', 1),
(3, 'Casa De Vestuario Juanita', '', 'Juana', '', 5555555, 999999999, NULL, '2019-06-20 15:06:39', NULL, 1),
(4, 'Casa De Vestuarios Apurimac', '', '', '', NULL, NULL, 'Local/Casa_De_Vestuarios_Apurimac.jpg', '2019-06-20 15:07:05', '2019-06-20 15:07:23', 1);

-- --------------------------------------------------------

--
-- Estructura de tabla para la tabla `medida`
--

DROP TABLE IF EXISTS `medida`;
CREATE TABLE IF NOT EXISTS `medida` (
  `idMedida` int(11) NOT NULL AUTO_INCREMENT,
  `NombreMedida` varchar(150) NOT NULL,
  `fechaRegistro` datetime NOT NULL,
  `fechaUpdate` datetime DEFAULT NULL,
  `Estado_idEstado` int(11) NOT NULL,
  PRIMARY KEY (`idMedida`),
  KEY `FK_medidaEstado` (`Estado_idEstado`)
) ENGINE=InnoDB AUTO_INCREMENT=9 DEFAULT CHARSET=latin1;

--
-- Volcado de datos para la tabla `medida`
--

INSERT INTO `medida` (`idMedida`, `NombreMedida`, `fechaRegistro`, `fechaUpdate`, `Estado_idEstado`) VALUES
(1, 'Slim Fit', '2019-06-04 00:00:00', NULL, 1),
(2, 'Tailoret Fit', '2019-06-04 00:00:00', NULL, 1),
(3, 'Classic Fit', '2019-06-04 00:00:00', NULL, 1),
(4, 'Small (S)', '2019-06-04 00:00:00', NULL, 1),
(5, 'Mediano (M)', '2019-06-04 00:00:00', NULL, 1),
(6, 'Large (L)', '2019-06-04 00:00:00', NULL, 1),
(7, 'Extra Large (XL)', '2019-06-04 00:00:00', NULL, 1);

-- --------------------------------------------------------

--
-- Estructura de tabla para la tabla `pedido`
--

DROP TABLE IF EXISTS `pedido`;
CREATE TABLE IF NOT EXISTS `pedido` (
  `idPedido` int(11) NOT NULL AUTO_INCREMENT,
  `Usuario_idUsuario` int(11) NOT NULL,
  `Producto_idProducto` int(11) NOT NULL,
  `cantidad` int(11) NOT NULL,
  `ubicacionEntrega` text,
  `Estado_idEstado` int(11) NOT NULL,
  `fechaRegistro` datetime NOT NULL,
  `fechaEntrega` date NOT NULL,
  `fechaAnulacion` datetime NOT NULL,
  PRIMARY KEY (`idPedido`),
  KEY `FK_PedidoUsuario` (`Usuario_idUsuario`),
  KEY `FK_PedidoProducto` (`Producto_idProducto`),
  KEY `FK_PedidoEstado` (`Estado_idEstado`)
) ENGINE=InnoDB DEFAULT CHARSET=latin1;

-- --------------------------------------------------------

--
-- Estructura de tabla para la tabla `perfil`
--

DROP TABLE IF EXISTS `perfil`;
CREATE TABLE IF NOT EXISTS `perfil` (
  `idPerfil` int(11) NOT NULL AUTO_INCREMENT,
  `DescripcionPerfil` varchar(150) DEFAULT NULL,
  `permisos` text,
  `fechaRegistro` datetime DEFAULT NULL,
  `fechaUpdate` datetime DEFAULT NULL,
  `estado_idEstado` int(11) NOT NULL,
  PRIMARY KEY (`idPerfil`),
  KEY `fk_perfil_estado1_idx` (`estado_idEstado`)
) ENGINE=InnoDB AUTO_INCREMENT=4 DEFAULT CHARSET=latin1;

--
-- Volcado de datos para la tabla `perfil`
--

INSERT INTO `perfil` (`idPerfil`, `DescripcionPerfil`, `permisos`, `fechaRegistro`, `fechaUpdate`, `estado_idEstado`) VALUES
(1, 'Administrador', NULL, '2019-03-13 00:00:00', NULL, 1),
(2, 'Usuario', NULL, '2019-03-13 00:00:00', NULL, 1);

-- --------------------------------------------------------

--
-- Estructura de tabla para la tabla `producto`
--

DROP TABLE IF EXISTS `producto`;
CREATE TABLE IF NOT EXISTS `producto` (
  `idProducto` int(11) NOT NULL AUTO_INCREMENT,
  `NombreProducto` varchar(150) NOT NULL,
  `DescripcionProducto` text,
  `imagenPortada` text,
  `fechaRegistro` datetime NOT NULL,
  `fechaUpdate` datetime DEFAULT NULL,
  `Categoria_idCategoria` int(11) NOT NULL,
  `SubCategoria_idSubCategoria` int(11) NOT NULL,
  `Departamento_idDepartamento` int(11) DEFAULT NULL,
  `Provincia_idProvincia` int(11) DEFAULT NULL,
  `Distrito_idDistrito` int(11) DEFAULT NULL,
  `Estado_idEstado` int(11) NOT NULL,
  PRIMARY KEY (`idProducto`),
  KEY `FK_productoDepa` (`Departamento_idDepartamento`),
  KEY `FK_productoProv` (`Provincia_idProvincia`),
  KEY `FK_productoDist` (`Distrito_idDistrito`),
  KEY `FK_productoEstado` (`Estado_idEstado`),
  KEY `FK_ProductoCategoria` (`Categoria_idCategoria`),
  KEY `FK_ProductoSubCategoria` (`SubCategoria_idSubCategoria`)
) ENGINE=InnoDB AUTO_INCREMENT=2 DEFAULT CHARSET=latin1;

--
-- Volcado de datos para la tabla `producto`
--

INSERT INTO `producto` (`idProducto`, `NombreProducto`, `DescripcionProducto`, `imagenPortada`, `fechaRegistro`, `fechaUpdate`, `Categoria_idCategoria`, `SubCategoria_idSubCategoria`, `Departamento_idDepartamento`, `Provincia_idProvincia`, `Distrito_idDistrito`, `Estado_idEstado`) VALUES
(1, 'Son De Los Diablos', 'gregergr', 'Producto/Son_De_Los_Diablos.jpg', '2019-06-20 14:34:07', NULL, 1, 3, 15, 127, 679, 1);

-- --------------------------------------------------------

--
-- Estructura de tabla para la tabla `producto_medida`
--

DROP TABLE IF EXISTS `producto_medida`;
CREATE TABLE IF NOT EXISTS `producto_medida` (
  `idProductoMedida` int(11) NOT NULL AUTO_INCREMENT,
  `Producto_idProducto` int(11) NOT NULL,
  `Medida_idMedida` int(11) NOT NULL,
  `fechaRegistro` datetime NOT NULL,
  PRIMARY KEY (`idProductoMedida`),
  KEY `FK_productoMedidaProducto` (`Producto_idProducto`),
  KEY `FK_productoMedidaMedida` (`Medida_idMedida`)
) ENGINE=InnoDB AUTO_INCREMENT=5 DEFAULT CHARSET=latin1;

--
-- Volcado de datos para la tabla `producto_medida`
--

INSERT INTO `producto_medida` (`idProductoMedida`, `Producto_idProducto`, `Medida_idMedida`, `fechaRegistro`) VALUES
(1, 1, 7, '2019-08-05 14:27:54'),
(2, 1, 6, '2019-08-05 14:27:54');

-- --------------------------------------------------------

--
-- Estructura de tabla para la tabla `promocion`
--

DROP TABLE IF EXISTS `promocion`;
CREATE TABLE IF NOT EXISTS `promocion` (
  `idPromocion` int(11) NOT NULL AUTO_INCREMENT,
  `NombrePromocion` varchar(150) NOT NULL,
  `imagenPromocion` text NOT NULL,
  `linkPromocion` text,
  `fechaRegistro` datetime NOT NULL,
  `fechaUpdate` datetime NOT NULL,
  `Estado_idEstado` int(11) NOT NULL,
  PRIMARY KEY (`idPromocion`),
  KEY `FK_PromocionEstado` (`Estado_idEstado`)
) ENGINE=InnoDB AUTO_INCREMENT=7 DEFAULT CHARSET=latin1;

--
-- Volcado de datos para la tabla `promocion`
--

INSERT INTO `promocion` (`idPromocion`, `NombrePromocion`, `imagenPromocion`, `linkPromocion`, `fechaRegistro`, `fechaUpdate`, `Estado_idEstado`) VALUES
(5, 'Promocion1', 'Promocion/Promocion1.jpg', 'evwevwev', '2019-08-05 23:28:37', '0000-00-00 00:00:00', 1),
(6, 'Promocion2', 'Promocion/Promocion2.jpg', 'fwefewfe', '2019-08-05 23:28:51', '0000-00-00 00:00:00', 1);

-- --------------------------------------------------------

--
-- Estructura de tabla para la tabla `provincia`
--

DROP TABLE IF EXISTS `provincia`;
CREATE TABLE IF NOT EXISTS `provincia` (
  `idProvincia` int(11) NOT NULL AUTO_INCREMENT,
  `provincia` varchar(150) DEFAULT NULL,
  `fechaRegistro` datetime DEFAULT NULL,
  `fechaUpdate` datetime DEFAULT NULL,
  `departamento_idDepartamento` int(11) NOT NULL,
  PRIMARY KEY (`idProvincia`),
  KEY `fk_provincia_departamento_idx` (`departamento_idDepartamento`)
) ENGINE=InnoDB AUTO_INCREMENT=194 DEFAULT CHARSET=latin1;

--
-- Volcado de datos para la tabla `provincia`
--

INSERT INTO `provincia` (`idProvincia`, `provincia`, `fechaRegistro`, `fechaUpdate`, `departamento_idDepartamento`) VALUES
(1, 'CHACHAPOYAS ', '2018-01-01 00:00:00', NULL, 1),
(2, 'BAGUA', '2018-01-01 00:00:00', NULL, 1),
(3, 'BONGARA', '2018-01-01 00:00:00', NULL, 1),
(4, 'CONDORCANQUI', '2018-01-01 00:00:00', NULL, 1),
(5, 'LUYA', '2018-01-01 00:00:00', NULL, 1),
(6, 'RODRIGUEZ DE MENDOZA', '2018-01-01 00:00:00', NULL, 1),
(7, 'UTCUBAMBA', '2018-01-01 00:00:00', NULL, 1),
(8, 'HUARAZ', '2018-01-01 00:00:00', NULL, 2),
(9, 'AIJA', '2018-01-01 00:00:00', NULL, 2),
(10, 'ANTONIO RAYMONDI', '2018-01-01 00:00:00', NULL, 2),
(11, 'ASUNCION', '2018-01-01 00:00:00', NULL, 2),
(12, 'BOLOGNESI', '2018-01-01 00:00:00', NULL, 2),
(13, 'CARHUAZ', '2018-01-01 00:00:00', NULL, 2),
(14, 'CARLOS FERMIN FITZCARRALD', '2018-01-01 00:00:00', NULL, 2),
(15, 'CASMA', '2018-01-01 00:00:00', NULL, 2),
(16, 'CORONGO', '2018-01-01 00:00:00', NULL, 2),
(17, 'HUARI', '2018-01-01 00:00:00', NULL, 2),
(18, 'HUARMEY', '2018-01-01 00:00:00', NULL, 2),
(19, 'HUAYLAS', '2018-01-01 00:00:00', NULL, 2),
(20, 'MARISCAL LUZURIAGA', '2018-01-01 00:00:00', NULL, 2),
(21, 'OCROS', '2018-01-01 00:00:00', NULL, 2),
(22, 'PALLASCA', '2018-01-01 00:00:00', NULL, 2),
(23, 'POMABAMBA', '2018-01-01 00:00:00', NULL, 2),
(24, 'RECUAY', '2018-01-01 00:00:00', NULL, 2),
(25, 'SANTA', '2018-01-01 00:00:00', NULL, 2),
(26, 'SIHUAS', '2018-01-01 00:00:00', NULL, 2),
(27, 'YUNGAY', '2018-01-01 00:00:00', NULL, 2),
(28, 'ABANCAY', '2018-01-01 00:00:00', NULL, 3),
(29, 'ANDAHUAYLAS', '2018-01-01 00:00:00', NULL, 3),
(30, 'ANTABAMBA', '2018-01-01 00:00:00', NULL, 3),
(31, 'AYMARAES', '2018-01-01 00:00:00', NULL, 3),
(32, 'COTABAMBAS', '2018-01-01 00:00:00', NULL, 3),
(33, 'CHINCHEROS', '2018-01-01 00:00:00', NULL, 3),
(34, 'GRAU', '2018-01-01 00:00:00', NULL, 3),
(35, 'AREQUIPA', '2018-01-01 00:00:00', NULL, 4),
(36, 'CAMANA', '2018-01-01 00:00:00', NULL, 4),
(37, 'CARAVELI', '2018-01-01 00:00:00', NULL, 4),
(38, 'CASTILLA', '2018-01-01 00:00:00', NULL, 4),
(39, 'CAYLLOMA', '2018-01-01 00:00:00', NULL, 4),
(40, 'CONDESUYOS', '2018-01-01 00:00:00', NULL, 4),
(41, 'ISLAY', '2018-01-01 00:00:00', NULL, 4),
(42, 'LA UNION', '2018-01-01 00:00:00', NULL, 4),
(43, 'HUAMANGA', '2018-01-01 00:00:00', NULL, 5),
(44, 'CANGALLO', '2018-01-01 00:00:00', NULL, 5),
(45, 'HUANCA SANCOS', '2018-01-01 00:00:00', NULL, 5),
(46, 'HUANTA', '2018-01-01 00:00:00', NULL, 5),
(47, 'LA MAR', '2018-01-01 00:00:00', NULL, 5),
(48, 'LUCANAS', '2018-01-01 00:00:00', NULL, 5),
(49, 'PARINACOCHAS', '2018-01-01 00:00:00', NULL, 5),
(50, 'PAUCAR DEL SARA SARA', '2018-01-01 00:00:00', NULL, 5),
(51, 'SUCRE', '2018-01-01 00:00:00', NULL, 5),
(52, 'VICTOR FAJARDO', '2018-01-01 00:00:00', NULL, 5),
(53, 'VILCAS HUAMAN', '2018-01-01 00:00:00', NULL, 5),
(54, 'CAJAMARCA', '2018-01-01 00:00:00', NULL, 6),
(55, 'CAJABAMBA', '2018-01-01 00:00:00', NULL, 6),
(56, 'CELENDIN', '2018-01-01 00:00:00', NULL, 6),
(57, 'CHOTA ', '2018-01-01 00:00:00', NULL, 6),
(58, 'CONTUMAZA', '2018-01-01 00:00:00', NULL, 6),
(59, 'CUTERVO', '2018-01-01 00:00:00', NULL, 6),
(60, 'HUALGAYOC', '2018-01-01 00:00:00', NULL, 6),
(61, 'JAEN', '2018-01-01 00:00:00', NULL, 6),
(62, 'SAN IGNACIO', '2018-01-01 00:00:00', NULL, 6),
(63, 'SAN MARCOS', '2018-01-01 00:00:00', NULL, 6),
(64, 'SAN PABLO', '2018-01-01 00:00:00', NULL, 6),
(65, 'SANTA CRUZ', '2018-01-01 00:00:00', NULL, 6),
(66, 'CALLAO', '2018-01-01 00:00:00', NULL, 7),
(67, 'CUSCO', '2018-01-01 00:00:00', NULL, 8),
(68, 'ACOMAYO', '2018-01-01 00:00:00', NULL, 8),
(69, 'ANTA', '2018-01-01 00:00:00', NULL, 8),
(70, 'CALCA', '2018-01-01 00:00:00', NULL, 8),
(71, 'CANAS', '2018-01-01 00:00:00', NULL, 8),
(72, 'CANCHIS', '2018-01-01 00:00:00', NULL, 8),
(73, 'CHUMBIVILCAS', '2018-01-01 00:00:00', NULL, 8),
(74, 'ESPINAR', '2018-01-01 00:00:00', NULL, 8),
(75, 'LA CONVENCION', '2018-01-01 00:00:00', NULL, 8),
(76, 'PARURO', '2018-01-01 00:00:00', NULL, 8),
(77, 'PAUCARTAMBO', '2018-01-01 00:00:00', NULL, 8),
(78, 'QUISPICANCHI', '2018-01-01 00:00:00', NULL, 8),
(79, 'URUBAMBA', '2018-01-01 00:00:00', NULL, 8),
(80, 'HUANCAVELICA', '2018-01-01 00:00:00', NULL, 9),
(81, 'ACOBAMBA', '2018-01-01 00:00:00', NULL, 9),
(82, 'ANGARAES', '2018-01-01 00:00:00', NULL, 9),
(83, 'CASTROVIRREYNA', '2018-01-01 00:00:00', NULL, 9),
(84, 'CHURCAMPA', '2018-01-01 00:00:00', NULL, 9),
(85, 'HUAYTARA', '2018-01-01 00:00:00', NULL, 9),
(86, 'TAYACAJA', '2018-01-01 00:00:00', NULL, 9),
(87, 'HUANUCO', '2018-01-01 00:00:00', NULL, 10),
(88, 'AMBO', '2018-01-01 00:00:00', NULL, 10),
(89, 'DOS DE MAYO', '2018-01-01 00:00:00', NULL, 10),
(90, 'HUACAYBAMBA', '2018-01-01 00:00:00', NULL, 10),
(91, 'HUAMALIES', '2018-01-01 00:00:00', NULL, 10),
(92, 'LEONCIO PRADO', '2018-01-01 00:00:00', NULL, 10),
(93, 'MARAÑON', '2018-01-01 00:00:00', NULL, 10),
(94, 'PACHITEA', '2018-01-01 00:00:00', NULL, 10),
(95, 'PUERTO INCA', '2018-01-01 00:00:00', NULL, 10),
(96, 'LAURICOCHA', '2018-01-01 00:00:00', NULL, 10),
(97, 'YAROWILCA', '2018-01-01 00:00:00', NULL, 10),
(98, 'ICA', '2018-01-01 00:00:00', NULL, 11),
(99, 'CHINCHA', '2018-01-01 00:00:00', NULL, 11),
(100, 'NAZCA', '2018-01-01 00:00:00', NULL, 11),
(101, 'PALPA', '2018-01-01 00:00:00', NULL, 11),
(102, 'PISCO', '2018-01-01 00:00:00', NULL, 11),
(103, 'HUANCAYO', '2018-01-01 00:00:00', NULL, 12),
(104, 'CONCEPCION', '2018-01-01 00:00:00', NULL, 12),
(105, 'CHANCHAMAYO', '2018-01-01 00:00:00', NULL, 12),
(106, 'JAUJA', '2018-01-01 00:00:00', NULL, 12),
(107, 'JUNIN', '2018-01-01 00:00:00', NULL, 12),
(108, 'SATIPO', '2018-01-01 00:00:00', NULL, 12),
(109, 'TARMA', '2018-01-01 00:00:00', NULL, 12),
(110, 'YAULI', '2018-01-01 00:00:00', NULL, 12),
(111, 'CHUPACA', '2018-01-01 00:00:00', NULL, 12),
(112, 'TRUJILLO', '2018-01-01 00:00:00', NULL, 13),
(113, 'ASCOPE', '2018-01-01 00:00:00', NULL, 13),
(114, 'BOLIVAR', '2018-01-01 00:00:00', NULL, 13),
(115, 'CHEPEN', '2018-01-01 00:00:00', NULL, 13),
(116, 'JULCAN', '2018-01-01 00:00:00', NULL, 13),
(117, 'OTUZCO', '2018-01-01 00:00:00', NULL, 13),
(118, 'PACASMAYO', '2018-01-01 00:00:00', NULL, 13),
(119, 'PATAZ', '2018-01-01 00:00:00', NULL, 13),
(120, 'SANCHEZ CARRION', '2018-01-01 00:00:00', NULL, 13),
(121, 'SANTIAGO DE CHUCO', '2018-01-01 00:00:00', NULL, 13),
(122, 'GRAN CHIMU', '2018-01-01 00:00:00', NULL, 13),
(123, 'VIRU', '2018-01-01 00:00:00', NULL, 13),
(124, 'CHICLAYO', '2018-01-01 00:00:00', NULL, 14),
(125, 'FERREÑAFE', '2018-01-01 00:00:00', NULL, 14),
(126, 'LAMBAYEQUE', '2018-01-01 00:00:00', NULL, 14),
(127, 'LIMA', '2018-01-01 00:00:00', NULL, 15),
(128, 'BARRANCA', '2018-01-01 00:00:00', NULL, 15),
(129, 'CAJATAMBO', '2018-01-01 00:00:00', NULL, 15),
(130, 'CANTA', '2018-01-01 00:00:00', NULL, 15),
(131, 'CAÑETE', '2018-01-01 00:00:00', NULL, 15),
(132, 'HUARAL', '2018-01-01 00:00:00', NULL, 15),
(133, 'HUAROCHIRI', '2018-01-01 00:00:00', NULL, 15),
(134, 'HUAURA', '2018-01-01 00:00:00', NULL, 15),
(135, 'OYON', '2018-01-01 00:00:00', NULL, 15),
(136, 'YAUYOS', '2018-01-01 00:00:00', NULL, 15),
(137, 'MAYNAS', '2018-01-01 00:00:00', NULL, 16),
(138, 'ALTO AMAZONAS', '2018-01-01 00:00:00', NULL, 16),
(139, 'LORETO', '2018-01-01 00:00:00', NULL, 16),
(140, 'MARISCAL RAMON CASTILLA', '2018-01-01 00:00:00', NULL, 16),
(141, 'REQUENA', '2018-01-01 00:00:00', NULL, 16),
(142, 'UCAYALI', '2018-01-01 00:00:00', NULL, 16),
(143, 'TAMBOPATA', '2018-01-01 00:00:00', NULL, 17),
(144, 'MANU', '2018-01-01 00:00:00', NULL, 17),
(145, 'TAHUAMANU', '2018-01-01 00:00:00', NULL, 17),
(146, 'MARISCAL NIETO', '2018-01-01 00:00:00', NULL, 18),
(147, 'GENERAL SANCHEZ CERRO', '2018-01-01 00:00:00', NULL, 18),
(148, 'ILO', '2018-01-01 00:00:00', NULL, 18),
(149, 'PASCO', '2018-01-01 00:00:00', NULL, 19),
(150, 'DANIEL ALCIDES CARRION', '2018-01-01 00:00:00', NULL, 19),
(151, 'OXAPAMPA', '2018-01-01 00:00:00', NULL, 19),
(152, 'PIURA', '2018-01-01 00:00:00', NULL, 20),
(153, 'AYABACA', '2018-01-01 00:00:00', NULL, 20),
(154, 'HUANCABAMBA', '2018-01-01 00:00:00', NULL, 20),
(155, 'MORROPON', '2018-01-01 00:00:00', NULL, 20),
(156, 'PAITA', '2018-01-01 00:00:00', NULL, 20),
(157, 'SULLANA', '2018-01-01 00:00:00', NULL, 20),
(158, 'TALARA', '2018-01-01 00:00:00', NULL, 20),
(159, 'SECHURA', '2018-01-01 00:00:00', NULL, 20),
(160, 'PUNO', '2018-01-01 00:00:00', NULL, 21),
(161, 'AZANGARO', '2018-01-01 00:00:00', NULL, 21),
(162, 'CARABAYA', '2018-01-01 00:00:00', NULL, 21),
(163, 'CHUCUITO', '2018-01-01 00:00:00', NULL, 21),
(164, 'EL COLLAO', '2018-01-01 00:00:00', NULL, 21),
(165, 'HUANCANE', '2018-01-01 00:00:00', NULL, 21),
(166, 'LAMPA', '2018-01-01 00:00:00', NULL, 21),
(167, 'MELGAR', '2018-01-01 00:00:00', NULL, 21),
(168, 'MOHO', '2018-01-01 00:00:00', NULL, 21),
(169, 'SAN ANTONIO DE PUTINA', '2018-01-01 00:00:00', NULL, 21),
(170, 'SAN ROMAN', '2018-01-01 00:00:00', NULL, 21),
(171, 'SANDIA', '2018-01-01 00:00:00', NULL, 21),
(172, 'YUNGUYO', '2018-01-01 00:00:00', NULL, 21),
(173, 'MOYOBAMBA', '2018-01-01 00:00:00', NULL, 22),
(174, 'BELLAVISTA', '2018-01-01 00:00:00', NULL, 22),
(175, 'EL DORADO', '2018-01-01 00:00:00', NULL, 22),
(176, 'HUALLAGA', '2018-01-01 00:00:00', NULL, 22),
(177, 'LAMAS', '2018-01-01 00:00:00', NULL, 22),
(178, 'MARISCAL CACERES', '2018-01-01 00:00:00', NULL, 22),
(179, 'PICOTA', '2018-01-01 00:00:00', NULL, 22),
(180, 'RIOJA', '2018-01-01 00:00:00', NULL, 22),
(181, 'SAN MARTIN', '2018-01-01 00:00:00', NULL, 22),
(182, 'TOCACHE', '2018-01-01 00:00:00', NULL, 22),
(183, 'TACNA', '2018-01-01 00:00:00', NULL, 23),
(184, 'CANDARAVE', '2018-01-01 00:00:00', NULL, 23),
(185, 'JORGE BASADRE', '2018-01-01 00:00:00', NULL, 23),
(186, 'TARATA', '2018-01-01 00:00:00', NULL, 23),
(187, 'TUMBES', '2018-01-01 00:00:00', NULL, 24),
(188, 'CONTRALMIRANTE VILLAR', '2018-01-01 00:00:00', NULL, 24),
(189, 'ZARUMILLA', '2018-01-01 00:00:00', NULL, 24),
(190, 'CORONEL PORTILLO', '2018-01-01 00:00:00', NULL, 25),
(191, 'ATALAYA', '2018-01-01 00:00:00', NULL, 25),
(192, 'PADRE ABAD', '2018-01-01 00:00:00', NULL, 25),
(193, 'PURUS', '2018-01-01 00:00:00', NULL, 25);

-- --------------------------------------------------------

--
-- Estructura de tabla para la tabla `subcategoria`
--

DROP TABLE IF EXISTS `subcategoria`;
CREATE TABLE IF NOT EXISTS `subcategoria` (
  `idSubCategoria` int(11) NOT NULL AUTO_INCREMENT,
  `NombreSubCategoria` varchar(150) NOT NULL,
  `Descripcion` text NOT NULL,
  `imagenPortada` varchar(200) NOT NULL,
  `fechaRegistro` datetime NOT NULL,
  `fechaUpdate` datetime NOT NULL,
  `Categoria_idCategoria` int(11) NOT NULL,
  `Estado_idEstado` int(11) NOT NULL,
  PRIMARY KEY (`idSubCategoria`),
  KEY `FK_SubcategoriaCategoria` (`Categoria_idCategoria`),
  KEY `FK_SubcategoriaEstado` (`Estado_idEstado`)
) ENGINE=InnoDB AUTO_INCREMENT=5 DEFAULT CHARSET=latin1;

--
-- Volcado de datos para la tabla `subcategoria`
--

INSERT INTO `subcategoria` (`idSubCategoria`, `NombreSubCategoria`, `Descripcion`, `imagenPortada`, `fechaRegistro`, `fechaUpdate`, `Categoria_idCategoria`, `Estado_idEstado`) VALUES
(1, 'Prueba1', 'wefwe', 'SubCategoria/Prueba1.jpg', '2019-06-10 12:27:25', '0000-00-00 00:00:00', 5, 1),
(2, 'Prueba2', 'feewf', 'SubCategoria/Prueba2.jpg', '2019-06-10 12:27:43', '0000-00-00 00:00:00', 4, 1),
(3, 'Prueba34', 'rgerg', 'SubCategoria/Prueba34.jpg', '2019-06-10 15:04:17', '0000-00-00 00:00:00', 1, 1);

-- --------------------------------------------------------

--
-- Estructura de tabla para la tabla `tarifa`
--

DROP TABLE IF EXISTS `tarifa`;
CREATE TABLE IF NOT EXISTS `tarifa` (
  `idTarifa` int(11) NOT NULL AUTO_INCREMENT,
  `precioAlquiler` decimal(12,2) NOT NULL,
  `precioVenta` decimal(12,2) NOT NULL,
  `fechaRegistro` datetime NOT NULL,
  `Producto_idProducto` int(11) NOT NULL,
  PRIMARY KEY (`idTarifa`),
  KEY `FK_TarifaProducto` (`Producto_idProducto`)
) ENGINE=InnoDB AUTO_INCREMENT=2 DEFAULT CHARSET=latin1;

--
-- Volcado de datos para la tabla `tarifa`
--

INSERT INTO `tarifa` (`idTarifa`, `precioAlquiler`, `precioVenta`, `fechaRegistro`, `Producto_idProducto`) VALUES
(1, '15.00', '65.00', '2019-08-05 15:11:41', 1);

-- --------------------------------------------------------

--
-- Estructura de tabla para la tabla `usuario`
--

DROP TABLE IF EXISTS `usuario`;
CREATE TABLE IF NOT EXISTS `usuario` (
  `idUsuario` int(11) NOT NULL AUTO_INCREMENT,
  `usuario` varchar(50) DEFAULT NULL,
  `password` varchar(45) DEFAULT NULL,
  `NombreUsuario` varchar(50) DEFAULT NULL,
  `ApellidosUsuario` varchar(100) DEFAULT NULL,
  `Dni` char(11) DEFAULT NULL,
  `Correo` varchar(150) DEFAULT NULL,
  `keyFacebook` text,
  `keyGoogle` text,
  `fechaRegistro` datetime DEFAULT NULL,
  `fechaUpdate` datetime DEFAULT NULL,
  `imagen` text,
  `perfil_idPerfil` int(11) NOT NULL,
  `estado_idEstado` int(11) NOT NULL,
  PRIMARY KEY (`idUsuario`),
  KEY `fk_usuario_perfil1_idx` (`perfil_idPerfil`),
  KEY `fk_usuario_estado1_idx` (`estado_idEstado`)
) ENGINE=InnoDB AUTO_INCREMENT=20 DEFAULT CHARSET=latin1;

--
-- Volcado de datos para la tabla `usuario`
--

INSERT INTO `usuario` (`idUsuario`, `usuario`, `password`, `NombreUsuario`, `ApellidosUsuario`, `Dni`, `Correo`, `keyFacebook`, `keyGoogle`, `fechaRegistro`, `fechaUpdate`, `imagen`, `perfil_idPerfil`, `estado_idEstado`) VALUES
(17, 'administrador', '4e472baf48aab08cec24ca2f3626912d', 'Admin', 'Admin', '44444444', '', NULL, NULL, '2019-05-29 17:20:53', '2019-06-04 15:30:43', 'Usuarios/44444444.jpg', 1, 1),
(18, 'jincac', '4e472baf48aab08cec24ca2f3626912d', 'Jesus Vicente', 'Inca Cardenas', '47040087', '', NULL, NULL, '2019-06-04 15:22:23', '2019-06-04 15:22:32', 'Usuarios/47040087.jpg', 1, 1);

--
-- Restricciones para tablas volcadas
--

--
-- Filtros para la tabla `categoria`
--
ALTER TABLE `categoria`
  ADD CONSTRAINT `FK_EstadoCategoria` FOREIGN KEY (`Estado_idEstado`) REFERENCES `estado` (`idEstado`),
  ADD CONSTRAINT `FK_GrupoCategoria` FOREIGN KEY (`Grupo_idGrupo`) REFERENCES `grupo` (`idGrupo`);

--
-- Filtros para la tabla `delivery`
--
ALTER TABLE `delivery`
  ADD CONSTRAINT `FK_DeliveryDepa` FOREIGN KEY (`Departamento_idDepartamento`) REFERENCES `departamento` (`idDepartamento`),
  ADD CONSTRAINT `FK_DeliveryDist` FOREIGN KEY (`Distrito_idDitrito`) REFERENCES `distrito` (`idDistrito`),
  ADD CONSTRAINT `FK_DeliveryProducto` FOREIGN KEY (`Producto_idProducto`) REFERENCES `producto` (`idProducto`),
  ADD CONSTRAINT `FK_DeliveryProv` FOREIGN KEY (`Provincia_idProvincia`) REFERENCES `provincia` (`idProvincia`);

--
-- Filtros para la tabla `distrito`
--
ALTER TABLE `distrito`
  ADD CONSTRAINT `fk_distrito_provincia1` FOREIGN KEY (`provincia_idprovincia`) REFERENCES `provincia` (`idProvincia`) ON DELETE NO ACTION ON UPDATE NO ACTION;

--
-- Filtros para la tabla `galeria`
--
ALTER TABLE `galeria`
  ADD CONSTRAINT `FK_GaleriaEstado` FOREIGN KEY (`Estado_idEstado`) REFERENCES `estado` (`idEstado`),
  ADD CONSTRAINT `FK_galeriaProducto` FOREIGN KEY (`Producto_idProducto`) REFERENCES `producto` (`idProducto`);

--
-- Filtros para la tabla `grupo`
--
ALTER TABLE `grupo`
  ADD CONSTRAINT `FK_grupoEstado` FOREIGN KEY (`Estado_idEstado`) REFERENCES `estado` (`idEstado`);

--
-- Filtros para la tabla `historial`
--
ALTER TABLE `historial`
  ADD CONSTRAINT `FK_Historial_u` FOREIGN KEY (`usuario_idUsuario`) REFERENCES `usuario` (`idUsuario`);

--
-- Filtros para la tabla `local`
--
ALTER TABLE `local`
  ADD CONSTRAINT `FK_LOcal_Estado` FOREIGN KEY (`Estado_idEstado`) REFERENCES `estado` (`idEstado`);

--
-- Filtros para la tabla `medida`
--
ALTER TABLE `medida`
  ADD CONSTRAINT `FK_medidaEstado` FOREIGN KEY (`Estado_idEstado`) REFERENCES `estado` (`idEstado`);

--
-- Filtros para la tabla `pedido`
--
ALTER TABLE `pedido`
  ADD CONSTRAINT `FK_PedidoEstado` FOREIGN KEY (`Estado_idEstado`) REFERENCES `estado` (`idEstado`),
  ADD CONSTRAINT `FK_PedidoProducto` FOREIGN KEY (`Producto_idProducto`) REFERENCES `producto` (`idProducto`),
  ADD CONSTRAINT `FK_PedidoUsuario` FOREIGN KEY (`Usuario_idUsuario`) REFERENCES `usuario` (`idUsuario`);

--
-- Filtros para la tabla `perfil`
--
ALTER TABLE `perfil`
  ADD CONSTRAINT `fk_perfil_estado1` FOREIGN KEY (`estado_idEstado`) REFERENCES `estado` (`idEstado`) ON DELETE NO ACTION ON UPDATE NO ACTION;

--
-- Filtros para la tabla `producto`
--
ALTER TABLE `producto`
  ADD CONSTRAINT `FK_ProductoCategoria` FOREIGN KEY (`Categoria_idCategoria`) REFERENCES `categoria` (`idCategoria`),
  ADD CONSTRAINT `FK_ProductoSubCategoria` FOREIGN KEY (`SubCategoria_idSubCategoria`) REFERENCES `subcategoria` (`idSubCategoria`),
  ADD CONSTRAINT `FK_productoDepa` FOREIGN KEY (`Departamento_idDepartamento`) REFERENCES `departamento` (`idDepartamento`),
  ADD CONSTRAINT `FK_productoDist` FOREIGN KEY (`Distrito_idDistrito`) REFERENCES `distrito` (`idDistrito`),
  ADD CONSTRAINT `FK_productoEstado` FOREIGN KEY (`Estado_idEstado`) REFERENCES `estado` (`idEstado`),
  ADD CONSTRAINT `FK_productoProv` FOREIGN KEY (`Provincia_idProvincia`) REFERENCES `provincia` (`idProvincia`);

--
-- Filtros para la tabla `producto_medida`
--
ALTER TABLE `producto_medida`
  ADD CONSTRAINT `FK_productoMedidaMedida` FOREIGN KEY (`Medida_idMedida`) REFERENCES `medida` (`idMedida`),
  ADD CONSTRAINT `FK_productoMedidaProducto` FOREIGN KEY (`Producto_idProducto`) REFERENCES `producto` (`idProducto`);

--
-- Filtros para la tabla `promocion`
--
ALTER TABLE `promocion`
  ADD CONSTRAINT `FK_PromocionEstado` FOREIGN KEY (`Estado_idEstado`) REFERENCES `estado` (`idEstado`);

--
-- Filtros para la tabla `provincia`
--
ALTER TABLE `provincia`
  ADD CONSTRAINT `fk_provincia_departamento` FOREIGN KEY (`departamento_idDepartamento`) REFERENCES `departamento` (`idDepartamento`) ON DELETE NO ACTION ON UPDATE NO ACTION;

--
-- Filtros para la tabla `subcategoria`
--
ALTER TABLE `subcategoria`
  ADD CONSTRAINT `FK_SubcategoriaCategoria` FOREIGN KEY (`Categoria_idCategoria`) REFERENCES `categoria` (`idCategoria`),
  ADD CONSTRAINT `FK_SubcategoriaEstado` FOREIGN KEY (`Estado_idEstado`) REFERENCES `estado` (`idEstado`);

--
-- Filtros para la tabla `tarifa`
--
ALTER TABLE `tarifa`
  ADD CONSTRAINT `FK_TarifaProducto` FOREIGN KEY (`Producto_idProducto`) REFERENCES `producto` (`idProducto`);
COMMIT;

/*!40101 SET CHARACTER_SET_CLIENT=@OLD_CHARACTER_SET_CLIENT */;
/*!40101 SET CHARACTER_SET_RESULTS=@OLD_CHARACTER_SET_RESULTS */;
/*!40101 SET COLLATION_CONNECTION=@OLD_COLLATION_CONNECTION */;
